Datetaken,Longitude,Latitude,City,year
2011-01-17 13:50:17,-74.02986999999999,4.696365,bogota,2011
2011-03-06 13:58:33,-74.02986999999999,4.696365,bogota,2011
2011-06-22 15:21:45,-74.071773,4.601827,bogota,2011
2011-06-29 11:54:14,-74.07212,4.601995,bogota,2011
2011-07-21 15:40:17,-74.071914,4.601905,bogota,2011
2011-05-07 14:29:11,-74.071678,4.60203,bogota,2011
2011-07-18 16:24:29,-74.07260500000001,4.599114,bogota,2011
2011-05-16 19:41:51,-74.080123,4.620571,bogota,2011
2011-09-25 15:29:23,-74.068472,4.61501,bogota,2011
2011-08-21 11:56:29,-74.04351700000001,4.673739,bogota,2011
2011-03-27 20:28:19,-74.05313000000001,4.667152,bogota,2011
2011-04-04 15:46:55,-74.05313000000001,4.667152,bogota,2011
2011-12-16 14:20:44,-74.05310300000001,4.666852,bogota,2011
2011-01-01 16:30:25,-74.05297,4.667038,bogota,2011
2011-03-30 10:40:21,-74.11779,4.65637,bogota,2011
2011-10-02 09:05:45,-74.11779,4.65637,bogota,2011
2011-02-14 11:27:15,-74.11779,4.65637,bogota,2011
2011-05-27 22:44:19,-74.11779,4.65637,bogota,2011
2011-10-23 11:54:23,-74.11779,4.65637,bogota,2011
2011-05-28 21:12:55,-74.11779,4.65637,bogota,2011
2011-04-13 10:43:21,-74.11779,4.65637,bogota,2011
2011-04-20 17:17:21,-74.11779,4.65637,bogota,2011
2011-07-31 15:19:49,-74.11779,4.65637,bogota,2011
2011-06-27 19:08:28,-74.11779,4.65637,bogota,2011
2011-12-10 13:04:31,-74.11779,4.65637,bogota,2011
2011-01-29 00:47:01,-74.11779,4.65637,bogota,2011
2011-02-28 11:46:13,-74.11779,4.65637,bogota,2011
2011-11-06 00:32:58,-74.11779,4.65637,bogota,2011
2011-03-25 18:52:11,-74.11779,4.65637,bogota,2011
2011-12-31 07:15:48,-74.11779,4.65637,bogota,2011
2011-12-03 23:07:32,-74.11779,4.65637,bogota,2011
2011-03-14 23:01:03,-74.11779,4.65637,bogota,2011
2011-03-02 22:09:08,-74.11779,4.65637,bogota,2011
2011-09-19 17:17:10,-74.11779,4.65637,bogota,2011
2011-09-27 09:43:55,-74.11779,4.65637,bogota,2011
2011-08-18 13:27:16,-74.11779,4.65637,bogota,2011
2011-08-15 21:12:08,-74.11779,4.65637,bogota,2011
2011-06-09 16:31:53,-74.11779,4.65637,bogota,2011
2011-02-16 07:56:21,-74.11779,4.65637,bogota,2011
2011-01-21 07:34:00,-74.11779,4.65637,bogota,2011
2011-10-14 11:07:23,-74.11779,4.65637,bogota,2011
2011-09-04 14:53:03,-74.11779,4.65637,bogota,2011
2011-12-19 16:23:35,-74.11779,4.65637,bogota,2011
2011-02-01 12:01:19,-74.11779,4.65637,bogota,2011
2011-12-21 19:17:13,-74.11779,4.65637,bogota,2011
2011-05-19 23:19:35,-74.11779,4.65637,bogota,2011
2011-05-04 09:01:55,-74.11779,4.65637,bogota,2011
2011-02-05 21:13:25,-74.11779,4.65637,bogota,2011
2011-08-17 21:18:31,-74.11779,4.65637,bogota,2011
2011-09-05 15:40:01,-74.11779,4.65637,bogota,2011
2011-08-23 17:11:10,-74.11779,4.65637,bogota,2011
2011-05-19 20:15:25,-74.11779,4.65637,bogota,2011
2011-07-01 02:45:08,-74.11779,4.65637,bogota,2011
2011-01-16 15:14:36,-74.11779,4.65637,bogota,2011
2011-04-11 11:50:30,-74.11779,4.65637,bogota,2011
2011-07-14 09:42:00,-74.11779,4.65637,bogota,2011
2011-05-16 09:35:42,-74.11779,4.65637,bogota,2011
2011-07-28 11:39:27,-74.11779,4.65637,bogota,2011
2011-06-29 15:22:03,-74.11779,4.65637,bogota,2011
2011-08-15 17:28:28,-74.11779,4.65637,bogota,2011
2011-04-02 19:02:14,-74.11779,4.65637,bogota,2011
2011-08-15 19:43:58,-74.11779,4.65637,bogota,2011
2011-12-25 15:04:07,-74.11779,4.65637,bogota,2011
2011-12-04 09:40:59,-74.11779,4.65637,bogota,2011
2011-06-27 06:01:53,-74.11779,4.65637,bogota,2011
2011-06-17 19:35:55,-74.11779,4.65637,bogota,2011
2011-12-23 16:28:45,-74.11779,4.65637,bogota,2011
2011-01-19 17:07:46,-74.11779,4.65637,bogota,2011
2011-06-27 14:52:30,-74.11779,4.65637,bogota,2011
2011-03-31 18:26:35,-74.11779,4.65637,bogota,2011
2011-06-21 08:46:40,-74.11779,4.65637,bogota,2011
2011-10-08 10:09:03,-74.11779,4.65637,bogota,2011
2011-12-05 11:54:53,-74.11779,4.65637,bogota,2011
2011-02-06 10:35:29,-74.11779,4.65637,bogota,2011
2011-07-08 11:03:58,-74.11779,4.65637,bogota,2011
2011-03-07 05:52:41,-74.11779,4.65637,bogota,2011
2011-01-11 19:13:37,-74.11779,4.65637,bogota,2011
2011-10-26 09:46:02,-74.11779,4.65637,bogota,2011
2011-09-13 13:01:41,-74.11779,4.65637,bogota,2011
2011-01-24 17:37:03,-74.11779,4.65637,bogota,2011
2011-05-29 12:41:06,-74.11779,4.65637,bogota,2011
2011-08-04 18:25:36,-74.11779,4.65637,bogota,2011
2011-04-11 15:41:30,-74.11779,4.65637,bogota,2011
2011-07-31 23:13:23,-74.11779,4.65637,bogota,2011
2011-08-05 12:28:15,-74.11779,4.65637,bogota,2011
2011-01-30 23:42:02,-74.11779,4.65637,bogota,2011
2011-06-28 15:56:46,-74.091045,4.630281,bogota,2011
2011-12-22 12:52:53,-74.09111,4.630323000000001,bogota,2011
2011-11-13 22:21:52,-74.09111,4.6304940000000006,bogota,2011
2011-05-12 19:56:17,-74.090327,4.630045,bogota,2011
2011-08-09 17:51:17,-74.092826,4.636825,bogota,2011
2011-06-25 11:54:23,-74.07513399999999,4.598358999999999,bogota,2011
2011-08-11 16:00:01,-74.075767,4.598006,bogota,2011
2011-05-01 12:28:46,-74.075634,4.598444000000001,bogota,2011
2011-02-21 03:24:26,-74.075907,4.5981559999999995,bogota,2011
2011-07-04 10:22:23,-74.0755,4.598167,bogota,2011
2011-06-28 11:12:51,-74.075542,4.598166,bogota,2011
2011-07-17 12:06:01,-74.075358,4.598029,bogota,2011
2011-05-07 11:00:52,-74.074928,4.616347,bogota,2011
2011-06-28 14:21:55,-74.074678,4.616583,bogota,2011
2011-12-14 10:38:06,-74.07490899999999,4.600080999999999,bogota,2011
2011-06-03 15:28:03,-74.07490899999999,4.600080999999999,bogota,2011
2011-05-01 13:39:19,-74.074223,4.600018,bogota,2011
2011-02-05 15:05:16,-74.05651999999999,4.671729,bogota,2011
2011-02-25 12:32:39,-74.091796,4.631179,bogota,2011
2011-07-06 07:59:31,-74.091796,4.631179,bogota,2011
2011-08-07 05:23:36,-74.091796,4.631435,bogota,2011
2011-05-31 19:08:35,-74.069565,4.597301,bogota,2011
2011-06-27 14:15:56,-74.06958399999999,4.597205000000001,bogota,2011
2011-02-21 00:08:02,-74.065822,4.616389,bogota,2011
2011-02-06 14:02:48,-74.065834,4.616666,bogota,2011
2011-12-08 23:48:56,-74.066069,4.623918,bogota,2011
2011-01-06 17:49:15,-74.060897,4.641744,bogota,2011
2011-09-11 15:08:14,-74.089736,4.631521,bogota,2011
2011-08-10 17:58:19,-74.089736,4.632034,bogota,2011
2011-06-27 12:14:10,-74.071312,4.59465,bogota,2011
2011-02-25 13:22:56,-74.05766700000001,4.657,bogota,2011
2011-03-16 01:49:42,-74.05766700000001,4.657,bogota,2011
2011-12-22 23:22:14,-74.057464,4.657528,bogota,2011
2011-08-01 06:40:24,-74.05745999999999,4.657155,bogota,2011
2011-08-06 22:32:46,-74.090723,4.6604790000000005,bogota,2011
2011-09-11 16:01:31,-74.090723,4.660544,bogota,2011
2011-06-01 00:00:00,-74.073944,4.5954180000000004,bogota,2011
2011-06-27 17:03:32,-74.06949200000001,4.599302,bogota,2011
2011-06-29 13:46:23,-74.082673,4.635111,bogota,2011
2011-06-25 17:13:14,-74.082505,4.635601,bogota,2011
2011-02-19 15:44:58,-74.064502,4.688324,bogota,2011
2011-10-15 10:37:35,-74.064502,4.688324,bogota,2011
2011-05-14 12:26:34,-74.064502,4.688324,bogota,2011
2011-07-03 10:43:40,-74.064502,4.688324,bogota,2011
2011-03-13 15:15:30,-74.064502,4.688324,bogota,2011
2011-12-04 10:15:47,-74.064502,4.688324,bogota,2011
2011-10-03 18:44:48,-74.064314,4.687998,bogota,2011
2011-05-08 04:35:21,-74.07018599999999,4.617978,bogota,2011
2011-10-18 22:06:32,-74.06212,4.653302,bogota,2011
2011-05-08 23:30:28,-74.04840899999999,4.6832769999999995,bogota,2011
2011-04-12 12:26:58,-74.04840899999999,4.6832769999999995,bogota,2011
2011-12-12 15:42:03,-74.10500400000001,4.644001,bogota,2011
2011-09-05 10:03:38,-74.09214,4.634601,bogota,2011
2011-05-20 15:12:27,-74.092826,4.634772,bogota,2011
2011-06-02 09:08:19,-74.056241,4.674126,bogota,2011
2011-02-02 09:16:44,-74.056241,4.674126,bogota,2011
2011-05-07 12:14:27,-74.056241,4.674126,bogota,2011
2011-03-27 13:30:54,-74.056241,4.674126,bogota,2011
2011-07-06 07:30:47,-74.056241,4.674126,bogota,2011
2011-05-06 13:51:11,-74.056241,4.674126,bogota,2011
2011-04-06 08:56:11,-74.056241,4.674126,bogota,2011
2011-06-28 13:12:17,-74.07857,4.618462999999999,bogota,2011
2011-08-01 00:59:29,-74.078063,4.618175,bogota,2011
2011-02-20 01:55:55,-74.073944,4.616464,bogota,2011
2011-09-03 07:03:49,-74.068608,4.622495,bogota,2011
2011-11-14 16:07:07,-74.055361,4.604679,bogota,2011
2011-06-25 11:48:29,-74.05535,4.604712999999999,bogota,2011
2011-08-13 15:33:56,-74.055318,4.604315,bogota,2011
2011-07-19 11:29:07,-74.055356,4.6045,bogota,2011
2011-09-08 09:11:35,-74.05549,4.604904,bogota,2011
2011-05-07 12:43:32,-74.055598,4.604801999999999,bogota,2011
2011-02-21 05:56:14,-74.055576,4.6044220000000005,bogota,2011
2011-08-22 17:48:36,-74.05583299999999,4.604914,bogota,2011
2011-04-14 20:48:05,-74.055576,4.6044220000000005,bogota,2011
2011-10-19 19:43:19,-74.062164,4.756425,bogota,2011
2011-10-26 16:00:31,-74.091796,4.642129,bogota,2011
2011-03-29 22:45:15,-74.056069,4.65926,bogota,2011
2011-05-10 23:44:46,-74.07070300000001,4.61554,bogota,2011
2011-05-06 11:34:48,-74.090616,4.630879,bogota,2011
2011-03-10 19:32:58,-74.090509,4.630666000000001,bogota,2011
2011-07-29 15:20:35,-74.090423,4.630922,bogota,2011
2011-09-24 14:35:04,-74.086647,4.62827,bogota,2011
2011-06-02 23:54:40,-74.086303,4.6284410000000005,bogota,2011
2011-05-19 17:01:06,-74.086239,4.628035,bogota,2011
2011-05-24 11:49:26,-74.086303,4.6284410000000005,bogota,2011
2011-06-11 12:10:23,-74.08081,4.6284410000000005,bogota,2011
2011-02-13 11:34:32,-74.083124,4.691025,bogota,2011
2011-08-21 21:45:36,-74.059653,4.655218,bogota,2011
2011-12-19 09:40:08,-74.106216,4.7003,bogota,2011
2011-02-21 14:16:57,-74.050011,4.67852,bogota,2011
2011-07-31 13:19:44,-74.076004,4.623736,bogota,2011
2011-05-31 20:54:04,-74.055573,4.605856,bogota,2011
2011-06-01 01:44:18,-74.055573,4.605856,bogota,2011
2011-05-07 11:53:15,-74.055603,4.6053440000000005,bogota,2011
2011-07-19 11:47:55,-74.05552800000001,4.605491000000001,bogota,2011
2011-07-04 17:22:13,-74.093728,4.658298,bogota,2011
2011-11-27 15:36:04,-74.066905,4.616892,bogota,2011
2011-03-13 14:46:40,-74.066905,4.616892,bogota,2011
2011-02-06 11:58:03,-74.067223,4.616111,bogota,2011
2011-12-01 00:22:27,-74.066905,4.616892,bogota,2011
2011-09-15 10:38:18,-74.065854,4.601278,bogota,2011
2011-02-25 10:08:56,-74.06535,4.601342,bogota,2011
2011-08-13 17:00:33,-74.065854,4.601278,bogota,2011
2011-01-31 14:30:09,-74.091796,4.664029,bogota,2011
2011-03-03 13:05:48,-74.091796,4.664029,bogota,2011
2011-02-08 03:03:55,-74.076476,4.594519999999999,bogota,2011
2011-01-16 12:34:24,-74.070596,4.704321,bogota,2011
2011-06-22 16:06:18,-74.06734200000001,4.602386,bogota,2011
2011-02-18 15:04:01,-74.022531,4.7281010000000006,bogota,2011
2011-03-08 18:15:37,-74.057078,4.656326,bogota,2011
2011-05-18 00:55:06,-74.063515,4.638857,bogota,2011
2011-01-01 12:10:14,-74.063515,4.638857,bogota,2011
2011-05-21 15:40:50,-74.054138,4.6642220000000005,bogota,2011
2011-05-20 02:45:35,-74.053507,4.664905999999999,bogota,2011
2011-11-22 20:01:46,-74.076004,4.598284,bogota,2011
2011-05-01 12:40:31,-74.07630400000001,4.598391,bogota,2011
2011-08-22 12:12:17,-74.07630400000001,4.598391,bogota,2011
2011-10-24 10:41:02,-74.076068,4.598305,bogota,2011
2011-12-27 20:17:21,-74.075959,4.598072,bogota,2011
2011-12-03 21:20:05,-74.076004,4.598284,bogota,2011
2011-08-11 16:00:00,-74.07596099999999,4.598038,bogota,2011
2011-12-06 12:50:16,-74.0761,4.598744,bogota,2011
2011-05-10 06:25:55,-74.0761,4.598027,bogota,2011
2011-06-27 14:54:08,-74.075934,4.598561,bogota,2011
2011-07-04 12:31:55,-74.076032,4.598123,bogota,2011
2011-05-01 12:21:53,-74.07624200000001,4.598719,bogota,2011
2011-06-25 12:17:51,-74.076454,4.598358999999999,bogota,2011
2011-03-13 13:25:27,-74.076132,4.598194,bogota,2011
2011-09-10 17:18:02,-74.086303,4.631179,bogota,2011
2011-08-18 18:22:59,-74.063515,4.628527,bogota,2011
2011-04-07 16:11:58,-74.10385600000001,4.647369,bogota,2011
2011-01-14 09:52:20,-74.10385600000001,4.647369,bogota,2011
2011-02-24 16:38:51,-74.10385600000001,4.647369,bogota,2011
2011-03-02 11:49:50,-74.10385600000001,4.647369,bogota,2011
2011-08-02 19:31:04,-74.07741999999999,4.645893,bogota,2011
2011-10-26 01:10:24,-74.077634,4.645594,bogota,2011
2011-06-12 13:23:05,-74.0485,4.677,bogota,2011
2011-12-22 23:17:53,-74.054374,4.6563300000000005,bogota,2011
2011-02-01 18:05:55,-74.054582,4.656453,bogota,2011
2011-05-18 09:03:08,-74.054764,4.655933999999999,bogota,2011
2011-10-29 16:13:01,-74.061584,4.644867,bogota,2011
2011-06-15 02:21:42,-74.06221,4.644632,bogota,2011
2011-02-06 12:15:14,-74.0675,4.617222,bogota,2011
2011-04-19 14:23:10,-74.063644,4.6263879999999995,bogota,2011
2011-10-12 23:46:05,-74.06660500000001,4.63289,bogota,2011
2011-05-31 02:15:35,-74.06660500000001,4.63289,bogota,2011
2011-08-08 01:23:57,-74.06660500000001,4.63289,bogota,2011
2011-01-15 16:53:01,-74.055868,4.657553,bogota,2011
2011-03-12 15:12:32,-74.090423,4.653764,bogota,2011
2011-05-16 23:21:32,-74.08905,4.630323000000001,bogota,2011
2011-07-31 16:58:03,-74.08887800000001,4.630408999999999,bogota,2011
2011-12-12 14:10:56,-74.089393,4.630152,bogota,2011
2011-06-29 17:04:05,-74.07830600000001,4.597611,bogota,2011
2011-06-10 10:51:35,-74.092826,4.6308370000000005,bogota,2011
2011-08-07 05:19:27,-74.092147,4.631339,bogota,2011
2011-05-06 22:12:36,-74.056885,4.669013,bogota,2011
2011-06-17 16:13:51,-74.084908,4.638028,bogota,2011
2011-05-02 17:57:27,-74.064,4.632666,bogota,2011
2011-06-16 18:09:22,-74.06380300000001,4.633075,bogota,2011
2011-06-07 17:26:04,-74.086303,4.633916,bogota,2011
2011-05-01 21:42:58,-74.086614,4.63413,bogota,2011
2011-05-10 19:30:06,-74.086303,4.633916,bogota,2011
2011-04-15 15:19:30,-74.086614,4.63413,bogota,2011
2011-06-26 11:58:06,-74.075413,4.597792,bogota,2011
2011-08-08 11:21:21,-74.075767,4.597936,bogota,2011
2011-07-19 14:39:04,-74.075862,4.5973690000000005,bogota,2011
2011-05-01 12:55:31,-74.075746,4.597428,bogota,2011
2011-05-10 06:24:56,-74.075317,4.5978129999999995,bogota,2011
2011-03-15 16:00:00,-74.07030400000001,4.599969000000001,bogota,2011
2011-07-26 16:39:34,-74.087333,4.652908,bogota,2011
2011-05-20 16:56:37,-74.05720699999999,4.648203,bogota,2011
2011-08-18 18:32:13,-74.086303,4.65479,bogota,2011
2011-02-07 06:13:50,-74.07433,4.601043,bogota,2011
2011-10-05 20:58:30,-74.05562900000001,4.651775,bogota,2011
2011-05-20 14:56:04,-74.09111,4.6238209999999995,bogota,2011
2011-11-06 14:38:20,-74.082183,4.624186,bogota,2011
2011-10-12 11:54:00,-74.072098,4.605706,bogota,2011
2011-05-01 11:53:16,-74.07159399999999,4.605347,bogota,2011
2011-10-12 11:36:33,-74.069523,4.603096,bogota,2011
2011-09-23 15:35:58,-74.069137,4.602776,bogota,2011
2011-06-09 16:47:51,-74.073396,4.596776,bogota,2011
2011-06-26 11:51:02,-74.073493,4.596813,bogota,2011
2011-08-11 10:29:40,-74.073246,4.596669,bogota,2011
2011-09-24 12:01:26,-74.091796,4.632205,bogota,2011
2011-05-15 15:24:00,-74.085617,4.631863,bogota,2011
2011-03-18 18:34:09,-74.093492,4.575767,bogota,2011
2011-04-17 03:02:38,-74.062673,4.697356,bogota,2011
2011-10-19 10:50:54,-74.087462,4.636943,bogota,2011
2011-10-06 12:42:42,-74.077325,4.65028,bogota,2011
2011-05-19 11:29:51,-74.070335,4.597239,bogota,2011
2011-06-30 21:36:12,-74.069716,4.59746,bogota,2011
2011-05-30 05:43:38,-74.06989899999999,4.5977440000000005,bogota,2011
2011-06-27 14:17:54,-74.06979799999999,4.597238,bogota,2011
2011-09-25 15:12:18,-74.070296,4.597321,bogota,2011
2011-10-09 13:25:41,-74.069824,4.653079,bogota,2011
2011-10-08 18:17:46,-74.05205,4.667681,bogota,2011
2011-11-27 17:14:14,-74.069974,4.607609,bogota,2011
2011-11-27 17:07:04,-74.069917,4.607394,bogota,2011
2011-06-27 12:51:07,-74.069273,4.600097,bogota,2011
2011-01-27 19:03:23,-74.053539,4.6669089999999995,bogota,2011
2011-01-01 16:34:54,-74.053403,4.66678,bogota,2011
2011-08-14 21:56:48,-74.05402,4.667483,bogota,2011
2011-02-05 11:12:34,-74.081153,4.606027,bogota,2011
2011-12-27 19:20:07,-74.06616700000001,4.6025,bogota,2011
2011-06-17 16:22:19,-74.08405,4.6375839999999995,bogota,2011
2011-06-26 22:51:23,-74.061026,4.603107,bogota,2011
2011-09-08 08:49:31,-74.060833,4.603075,bogota,2011
2011-03-25 20:55:51,-74.060898,4.5941,bogota,2011
2011-09-18 19:27:54,-74.060898,4.5941,bogota,2011
2011-07-10 21:20:43,-74.060898,4.5941,bogota,2011
2011-04-28 18:00:19,-74.060898,4.5941,bogota,2011
2011-10-21 14:00:07,-74.060898,4.5941,bogota,2011
2011-11-21 16:04:54,-74.060898,4.5941,bogota,2011
2011-06-02 01:04:50,-74.060898,4.5941,bogota,2011
2011-05-22 15:09:46,-74.060898,4.5941,bogota,2011
2011-06-26 15:25:55,-74.071304,4.600647,bogota,2011
2011-11-19 15:02:31,-74.066222,4.645251999999999,bogota,2011
2011-05-31 15:05:30,-74.071587,4.604958,bogota,2011
2011-02-05 14:22:29,-74.047036,4.678058999999999,bogota,2011
2011-06-28 15:35:58,-74.06828399999999,4.613102,bogota,2011
2011-01-14 16:45:11,-74.067807,4.612849,bogota,2011
2011-11-21 10:56:05,-74.06817099999999,4.61316,bogota,2011
2011-06-26 13:36:24,-74.068161,4.613181,bogota,2011
2011-10-11 07:53:45,-74.068279,4.612539,bogota,2011
2011-06-12 13:16:50,-74.048,4.6765,bogota,2011
2011-06-17 18:03:38,-74.048645,4.675813,bogota,2011
2011-08-04 19:05:51,-74.048023,4.675835,bogota,2011
2011-05-27 01:18:40,-74.04803299999999,4.676659,bogota,2011
2011-05-25 16:52:18,-74.092826,4.627586,bogota,2011
2011-05-01 13:01:14,-74.075102,4.597043,bogota,2011
2011-07-19 14:36:40,-74.075062,4.596786,bogota,2011
2011-06-05 09:17:40,-74.07300000000001,4.602166,bogota,2011
2011-08-09 08:58:24,-74.072474,4.601925,bogota,2011
2011-10-12 21:13:20,-74.073144,4.601637,bogota,2011
2011-07-01 22:37:39,-74.096946,4.635799,bogota,2011
2011-10-08 12:19:30,-74.090187,4.629773,bogota,2011
2011-05-20 13:41:50,-74.09008,4.6300669999999995,bogota,2011
2011-11-07 15:51:43,-74.089865,4.629719000000001,bogota,2011
2011-07-31 18:24:10,-74.09008,4.6304940000000006,bogota,2011
2011-06-22 08:15:54,-74.09490799999999,4.636675,bogota,2011
2011-12-06 18:11:32,-74.053196,4.666248,bogota,2011
2011-04-05 07:15:12,-74.052621,4.66638,bogota,2011
2011-06-05 16:52:13,-74.068322,4.604679,bogota,2011
2011-06-22 14:59:55,-74.069824,4.599268,bogota,2011
2011-02-24 10:14:56,-74.065167,4.603,bogota,2011
2011-10-12 11:25:02,-74.065403,4.602979,bogota,2011
2011-05-30 13:04:09,-74.084039,4.636686,bogota,2011
2011-11-19 16:39:20,-74.07448000000001,4.594969,bogota,2011
2011-03-19 12:23:44,-74.029738,4.711922,bogota,2011
2011-05-14 06:12:03,-74.066905,4.692753,bogota,2011
2011-04-09 06:05:53,-74.066873,4.6928220000000005,bogota,2011
2011-02-09 18:30:31,-74.066857,4.692887000000001,bogota,2011
2011-06-27 15:59:37,-74.070139,4.610947,bogota,2011
2011-01-01 18:12:40,-74.070328,4.610834,bogota,2011
2011-09-21 19:19:03,-74.04707900000001,4.791097,bogota,2011
2011-05-27 20:02:28,-74.07741999999999,4.594819,bogota,2011
2011-06-10 10:50:57,-74.089393,4.624164,bogota,2011
2011-05-20 15:38:18,-74.089393,4.62365,bogota,2011
2011-05-20 14:56:17,-74.093513,4.624334999999999,bogota,2011
2011-05-27 15:56:09,-74.083557,4.636675,bogota,2011
2011-06-10 21:56:08,-74.08340600000001,4.636462,bogota,2011
2011-06-23 15:22:24,-74.083642,4.6367400000000005,bogota,2011
2011-03-08 17:50:17,-74.083449,4.636173,bogota,2011
2011-08-25 00:23:35,-74.054889,4.669847,bogota,2011
2011-05-13 15:19:15,-74.054819,4.669811,bogota,2011
2011-06-03 17:15:20,-74.054819,4.669811,bogota,2011
2011-03-10 13:52:25,-74.054932,4.669929,bogota,2011
2011-07-08 13:49:31,-74.054338,4.669917,bogota,2011
2011-03-02 13:16:15,-74.056174,4.652821,bogota,2011
2011-05-01 11:59:39,-74.07244200000001,4.603633,bogota,2011
2011-12-27 16:29:02,-74.07266700000001,4.6043330000000005,bogota,2011
2011-03-04 18:22:47,-74.05068299999999,4.66018,bogota,2011
2011-06-17 17:09:51,-74.077634,4.5968290000000005,bogota,2011
2011-05-01 12:11:46,-74.07321400000001,4.601483,bogota,2011
2011-11-10 15:28:56,-74.073472,4.601257,bogota,2011
2011-04-23 19:52:32,-74.073257,4.600893,bogota,2011
2011-10-01 13:12:14,-74.048538,4.634258999999999,bogota,2011
2011-08-19 12:46:27,-74.143552,4.698996,bogota,2011
2011-06-26 17:18:58,-74.076197,4.597043,bogota,2011
2011-08-26 17:32:19,-74.096603,4.624848,bogota,2011
2011-05-14 19:10:23,-74.096603,4.624676999999999,bogota,2011
2011-05-31 16:12:42,-74.07034300000001,4.605,bogota,2011
2011-06-28 15:48:33,-74.069653,4.605086,bogota,2011
2011-06-10 10:52:07,-74.093856,4.627586,bogota,2011
2011-05-19 12:02:56,-74.09317,4.627757,bogota,2011
2011-05-20 14:55:48,-74.093856,4.627586,bogota,2011
2011-09-13 17:37:55,-74.109735,4.655539,bogota,2011
2011-06-02 16:33:02,-74.092667,4.633,bogota,2011
2011-08-15 17:32:59,-74.086303,4.624676999999999,bogota,2011
2011-02-07 22:42:00,-74.066025,4.685212,bogota,2011
2011-03-08 12:03:22,-74.066117,4.685268,bogota,2011
2011-08-15 11:02:33,-74.13424,4.693735,bogota,2011
2011-05-20 07:25:22,-74.061584,4.741873,bogota,2011
2011-12-02 13:43:26,-74.08802,4.633916,bogota,2011
2011-05-30 15:49:55,-74.066,4.6036660000000005,bogota,2011
2011-04-02 16:07:42,-74.14278,4.698504,bogota,2011
2011-07-06 19:32:37,-74.05455699999999,4.606925,bogota,2011
2011-02-19 08:51:25,-74.054653,4.606561,bogota,2011
2011-03-26 12:39:27,-74.05451,4.60653,bogota,2011
2011-06-27 12:28:15,-74.054675,4.606936,bogota,2011
2011-08-14 17:18:49,-74.05449200000001,4.6692160000000005,bogota,2011
2011-02-19 13:49:41,-74.054827,4.668701,bogota,2011
2011-04-17 14:12:26,-74.06825699999999,4.647914,bogota,2011
2011-06-27 12:12:21,-74.07092,4.595325,bogota,2011
2011-02-20 14:58:00,-74.070725,4.595994999999999,bogota,2011
2011-04-16 14:23:10,-74.059031,4.649294,bogota,2011
2011-05-24 14:28:47,-74.091453,4.625532,bogota,2011
2011-05-29 06:50:43,-74.092998,4.635371,bogota,2011
2011-03-14 20:38:53,-74.092483,4.635542,bogota,2011
2011-05-11 21:00:23,-74.080038,4.588349,bogota,2011
2011-02-15 15:37:38,-74.065436,4.627121,bogota,2011
2011-02-06 12:09:49,-74.06666700000001,4.617222,bogota,2011
2011-10-12 17:22:47,-74.091796,4.6144110000000005,bogota,2011
2011-05-29 13:33:18,-74.077388,4.649294,bogota,2011
2011-10-12 16:08:40,-74.071412,4.601578,bogota,2011
2011-05-07 14:32:30,-74.071578,4.60158,bogota,2011
2011-06-30 20:08:22,-74.073826,4.5975779999999995,bogota,2011
2011-07-23 18:20:53,-74.073987,4.597642,bogota,2011
2011-03-14 08:24:58,-74.073673,4.5973120000000005,bogota,2011
2011-07-18 12:42:13,-74.07365,4.597758,bogota,2011
2011-02-06 15:10:17,-74.06444499999999,4.6175,bogota,2011
2011-05-19 23:24:24,-74.08081,4.6308370000000005,bogota,2011
2011-06-11 11:13:54,-74.08081,4.631179,bogota,2011
2011-02-16 18:09:46,-74.06034,4.668245,bogota,2011
2011-12-02 20:41:51,-74.060211,4.6683069999999995,bogota,2011
2011-05-17 11:43:45,-74.096603,4.632548,bogota,2011
2011-04-30 11:50:34,-74.054889,4.665227,bogota,2011
2011-05-15 12:50:41,-74.082183,4.609962,bogota,2011
2011-02-25 10:02:25,-74.066334,4.600833000000001,bogota,2011
2011-03-09 15:50:13,-74.05583299999999,4.656333,bogota,2011
2011-02-24 15:47:25,-74.05536,4.656569,bogota,2011
2011-06-01 22:23:35,-74.13,4.672,bogota,2011
2011-04-14 15:50:33,-74.070188,4.615608,bogota,2011
2011-03-14 18:35:20,-74.069824,4.615437,bogota,2011
2011-08-14 18:47:49,-74.055308,4.607283,bogota,2011
2011-10-12 14:28:48,-74.074974,4.624676999999999,bogota,2011
2011-05-03 14:07:08,-74.06483399999999,4.6275,bogota,2011
2011-02-25 16:10:36,-74.06280699999999,4.601662999999999,bogota,2011
2011-08-09 04:41:50,-74.062986,4.650449,bogota,2011
2011-02-06 11:24:30,-74.067223,4.615833,bogota,2011
2011-07-19 14:15:10,-74.072739,4.595427,bogota,2011
2011-01-10 14:03:22,-74.084587,4.640418,bogota,2011
2011-06-01 00:24:44,-74.050898,4.649871,bogota,2011
2011-04-28 11:08:53,-74.049479,4.676324,bogota,2011
2011-04-30 13:37:40,-74.048795,4.676262,bogota,2011
2011-05-02 06:26:36,-74.054087,4.656853,bogota,2011
2011-12-02 14:53:19,-74.055136,4.673899,bogota,2011
2011-06-28 15:54:32,-74.069739,4.6019190000000005,bogota,2011
2011-12-27 21:58:38,-74.047273,4.690486,bogota,2011
2011-08-10 00:00:13,-74.08699,4.6542769999999996,bogota,2011
2011-12-14 11:22:18,-74.134733,4.693489,bogota,2011
2011-12-02 04:16:43,-74.134454,4.693585,bogota,2011
2011-12-21 15:28:24,-74.0475,4.707833,bogota,2011
2011-09-03 16:44:03,-74.070408,4.6009839999999995,bogota,2011
2011-06-27 16:55:14,-74.06960600000001,4.6012129999999996,bogota,2011
2011-02-05 16:19:53,-74.053833,4.6687970000000005,bogota,2011
2011-06-08 19:44:20,-74.05361500000001,4.668906,bogota,2011
2011-07-29 16:55:19,-74.053833,4.668667,bogota,2011
2011-12-29 13:12:24,-74.053476,4.669087,bogota,2011
2011-06-28 14:29:19,-74.07507,4.616544,bogota,2011
2011-03-25 14:29:24,-74.08081,4.620228,bogota,2011
2011-05-13 16:46:13,-74.08081,4.620228,bogota,2011
2011-05-28 17:37:26,-74.064599,4.6143790000000005,bogota,2011
2011-01-01 03:11:15,-74.086303,4.636654,bogota,2011
2011-08-27 10:43:40,-74.062893,4.608058,bogota,2011
2011-09-08 11:15:20,-74.073064,4.601278,bogota,2011
2011-08-19 10:36:19,-74.05107,4.684598,bogota,2011
2011-08-19 10:04:56,-74.051392,4.686127,bogota,2011
2011-02-15 12:33:00,-74.07210400000001,4.616976999999999,bogota,2011
2011-02-07 02:38:04,-74.053258,4.607481,bogota,2011
2011-03-14 08:24:04,-74.071537,4.594958,bogota,2011
2011-06-01 08:41:13,-74.06011099999999,4.690958,bogota,2011
2011-12-03 17:41:48,-74.064846,4.616892,bogota,2011
2011-05-02 18:57:28,-74.061155,4.652866,bogota,2011
2011-05-17 06:48:06,-74.055494,4.69365,bogota,2011
2011-01-02 15:05:19,-74.033234,4.693666,bogota,2011
2011-07-18 12:26:10,-74.072592,4.597195,bogota,2011
2011-06-23 09:44:31,-74.05164599999999,4.673669,bogota,2011
2011-04-19 10:54:09,-74.05164599999999,4.673669,bogota,2011
2011-10-06 10:30:11,-74.09048,4.631715,bogota,2011
2011-08-30 17:53:43,-74.090766,4.631521,bogota,2011
2011-06-10 10:51:30,-74.090766,4.631692,bogota,2011
2011-09-24 14:01:36,-74.090423,4.632034,bogota,2011
2011-10-31 12:36:40,-74.049139,4.7306669999999995,bogota,2011
2011-06-28 12:43:58,-74.083892,4.615666,bogota,2011
2011-05-14 19:11:25,-74.083557,4.615437,bogota,2011
2011-11-26 13:24:47,-74.08596,4.628783,bogota,2011
2011-06-02 19:58:48,-74.057833,4.6455,bogota,2011
2011-12-17 16:10:17,-74.09317,4.628612,bogota,2011
2011-02-06 14:42:17,-74.059127,4.653111,bogota,2011
2011-07-29 15:20:18,-74.08596,4.613897,bogota,2011
2011-04-09 18:19:14,-74.04117,4.7951690000000005,bogota,2011
2011-04-14 17:24:47,-74.068021,4.618859,bogota,2011
2011-05-27 17:17:46,-74.069824,4.609278,bogota,2011
2011-11-06 22:47:49,-74.069824,4.609278,bogota,2011
2011-06-27 16:30:38,-74.069824,4.609278,bogota,2011
2011-12-23 11:06:59,-74.069824,4.609278,bogota,2011
2011-11-03 21:28:15,-74.069824,4.609278,bogota,2011
2011-08-04 07:45:29,-74.069824,4.609278,bogota,2011
2011-10-07 15:14:37,-74.069824,4.609278,bogota,2011
2011-02-06 15:36:59,-74.034141,4.6859720000000005,bogota,2011
2011-05-20 18:28:10,-74.124655,4.6027190000000004,bogota,2011
2011-06-11 10:53:43,-74.124655,4.6027190000000004,bogota,2011
2011-04-09 14:44:18,-74.08905,4.632548,bogota,2011
2011-11-30 15:39:13,-74.104156,4.602426,bogota,2011
2011-02-20 11:10:08,-74.05663,4.706311,bogota,2011
2011-10-21 11:04:18,-74.068279,4.615496,bogota,2011
2011-04-14 17:07:53,-74.068365,4.615715,bogota,2011
2011-06-25 15:48:05,-74.068579,4.6155870000000006,bogota,2011
2011-02-06 11:32:59,-74.068056,4.615833,bogota,2011
2011-06-28 15:13:39,-74.079995,4.618647,bogota,2011
2011-02-06 11:35:11,-74.068334,4.616111,bogota,2011
2011-11-25 17:10:28,-74.06796,4.616726,bogota,2011
2011-02-20 05:54:01,-74.068526,4.616709999999999,bogota,2011
2011-09-25 15:29:45,-74.068322,4.616186,bogota,2011
2011-06-26 22:51:24,-74.05409499999999,4.608454,bogota,2011
2011-06-26 16:49:47,-74.068708,4.603758999999999,bogota,2011
2011-10-08 00:10:21,-74.06917,4.603699,bogota,2011
2011-05-31 14:49:54,-74.074844,4.597643,bogota,2011
2011-03-17 10:27:36,-74.074158,4.597573000000001,bogota,2011
2011-02-02 23:45:45,-74.071326,4.597108,bogota,2011
2011-06-27 12:38:16,-74.07060600000001,4.597866000000001,bogota,2011
2011-05-30 12:15:25,-74.071167,4.5975,bogota,2011
2011-08-15 17:24:26,-74.093513,4.629297,bogota,2011
2011-04-10 17:16:09,-74.093856,4.628955,bogota,2011
2011-05-20 14:55:18,-74.093513,4.629126,bogota,2011
2011-03-10 13:02:56,-74.101871,4.657507,bogota,2011
2011-12-27 20:44:22,-74.09008,4.624676999999999,bogota,2011
2011-08-15 17:33:28,-74.09008,4.624676999999999,bogota,2011
2011-07-29 15:20:32,-74.089736,4.624334999999999,bogota,2011
2011-01-02 21:17:34,-74.073903,4.685993,bogota,2011
2011-12-18 14:07:01,-74.073346,4.685828,bogota,2011
2011-11-11 06:07:00,-74.129868,4.672946,bogota,2011
2011-10-28 07:18:53,-74.129868,4.672946,bogota,2011
2011-05-27 08:17:17,-74.069137,4.608422,bogota,2011
2011-03-17 21:01:24,-74.062722,4.7563699999999995,bogota,2011
2011-08-10 00:00:05,-74.08493,4.655304,bogota,2011
2011-05-08 05:30:08,-74.070768,4.618056,bogota,2011
2011-01-25 22:28:33,-74.075591,4.632057,bogota,2011
2011-04-30 22:29:08,-74.060039,4.714329,bogota,2011
2011-08-15 17:34:22,-74.08905,4.620057,bogota,2011
2011-06-27 12:07:36,-74.069939,4.596058,bogota,2011
2011-04-17 17:18:09,-74.070382,4.595781,bogota,2011
2011-08-02 06:03:59,-74.07015600000001,4.595680000000001,bogota,2011
2011-11-17 23:48:22,-74.083557,4.62211,bogota,2011
2011-10-29 18:28:50,-74.065017,4.646236,bogota,2011
2011-04-06 14:01:55,-74.061326,4.653336,bogota,2011
2011-06-16 12:50:18,-74.055637,4.681495,bogota,2011
2011-06-27 12:57:40,-74.06867,4.600811,bogota,2011
2011-06-26 12:58:36,-74.071336,4.606203,bogota,2011
2011-10-02 13:35:47,-74.066251,4.616566000000001,bogota,2011
2011-02-06 12:58:14,-74.066112,4.616666,bogota,2011
2011-05-20 14:55:41,-74.09317,4.62519,bogota,2011
2011-06-10 10:51:00,-74.093513,4.626046,bogota,2011
2011-09-17 14:25:12,-74.093513,4.626046,bogota,2011
2011-05-28 10:40:31,-74.067452,4.606673000000001,bogota,2011
2011-10-05 14:28:16,-74.067442,4.606219,bogota,2011
2011-11-18 14:26:37,-74.067053,4.606648000000001,bogota,2011
2011-04-17 19:15:57,-74.053473,4.658383000000001,bogota,2011
2011-04-30 01:20:28,-74.05351,4.667985,bogota,2011
2011-07-14 23:05:26,-74.053637,4.6678180000000005,bogota,2011
2011-04-09 21:37:58,-74.05386800000001,4.667701,bogota,2011
2011-05-14 15:02:24,-74.05386800000001,4.667701,bogota,2011
2011-03-23 07:05:41,-74.053634,4.6681029999999994,bogota,2011
2011-03-31 14:55:21,-74.04098499999999,4.729555,bogota,2011
2011-06-28 17:38:26,-74.058666,4.675343,bogota,2011
2011-04-16 18:12:49,-74.087333,4.603631,bogota,2011
2011-11-18 16:30:21,-74.047636,4.674937,bogota,2011
2011-10-07 22:04:03,-74.047636,4.674937,bogota,2011
2011-06-23 10:56:36,-74.047636,4.674937,bogota,2011
2011-12-16 08:51:41,-74.047636,4.674937,bogota,2011
2011-04-27 19:58:25,-74.04733900000001,4.675361,bogota,2011
2011-09-08 09:09:36,-74.05379,4.682447,bogota,2011
2011-05-28 17:38:18,-74.062228,4.645112999999999,bogota,2011
2011-06-10 13:18:32,-74.069287,4.610224,bogota,2011
2011-02-27 14:09:49,-74.070522,4.634729,bogota,2011
2011-08-15 17:30:41,-74.091453,4.618346,bogota,2011
2011-05-25 16:52:41,-74.091453,4.618004,bogota,2011
2011-05-12 21:43:05,-74.05834399999999,4.673589,bogota,2011
2011-10-19 18:21:12,-74.05834399999999,4.673589,bogota,2011
2011-03-28 14:05:11,-74.05834399999999,4.673589,bogota,2011
2011-07-03 18:07:18,-74.058494,4.67344,bogota,2011
2011-03-11 09:50:02,-74.062786,4.647775,bogota,2011
2011-09-21 14:53:06,-74.062507,4.648374,bogota,2011
2011-02-05 14:26:27,-74.047122,4.680283,bogota,2011
2011-05-30 06:34:51,-74.053186,4.663879,bogota,2011
2011-04-02 21:14:31,-74.062,4.756,bogota,2011
2011-04-15 05:25:32,-74.054714,4.699343,bogota,2011
2011-05-08 09:57:12,-74.054921,4.699433,bogota,2011
2011-07-29 15:01:46,-74.08596,4.611502,bogota,2011
2011-03-03 09:43:30,-74.05646800000001,4.656427,bogota,2011
2011-02-11 19:46:02,-74.051694,4.70627,bogota,2011
2011-10-24 10:40:19,-74.057464,4.581601,bogota,2011
2011-05-04 11:40:14,-74.07651899999999,4.59722,bogota,2011
2011-05-31 14:24:19,-74.076004,4.597899,bogota,2011
2011-12-28 09:16:18,-74.07596099999999,4.597856,bogota,2011
2011-07-17 12:24:10,-74.076332,4.59773,bogota,2011
2011-09-25 16:31:14,-74.076014,4.597503,bogota,2011
2011-06-26 11:57:53,-74.076293,4.597739,bogota,2011
2011-10-28 07:38:35,-74.064,4.652667,bogota,2011
2011-05-24 14:29:09,-74.090766,4.628612,bogota,2011
2011-07-19 14:20:01,-74.072975,4.594172,bogota,2011
2011-04-04 08:21:27,-74.063167,4.6915,bogota,2011
2011-01-17 15:33:26,-74.06306500000001,4.691495,bogota,2011
2011-03-27 08:48:17,-74.06293199999999,4.691388,bogota,2011
2011-05-07 17:56:52,-74.056434,4.6520529999999995,bogota,2011
2011-06-13 22:53:04,-74.074287,4.639221,bogota,2011
2011-06-06 10:23:43,-74.060339,4.6479040000000005,bogota,2011
2011-09-30 05:42:18,-74.062669,4.692174,bogota,2011
2011-03-05 15:59:08,-74.063167,4.692833,bogota,2011
2011-01-10 18:22:18,-74.06267,4.692418,bogota,2011
2011-06-13 10:21:59,-74.06268,4.69221,bogota,2011
2011-11-11 10:03:43,-74.090251,4.630922,bogota,2011
2011-08-27 18:06:17,-74.049481,4.700277,bogota,2011
2011-03-09 20:26:47,-74.147243,4.699659,bogota,2011
2011-06-10 10:51:11,-74.089393,4.626046,bogota,2011
2011-04-07 22:12:41,-74.08905,4.625704,bogota,2011
2011-05-20 14:55:28,-74.089393,4.625532,bogota,2011
2011-11-07 19:48:10,-74.069824,4.620228,bogota,2011
2011-10-08 15:35:10,-74.069824,4.620228,bogota,2011
2011-12-02 21:04:25,-74.069824,4.620228,bogota,2011
2011-06-27 14:39:51,-74.070167,4.619886,bogota,2011
2011-03-18 09:27:03,-74.069849,4.62007,bogota,2011
2011-06-19 15:05:46,-74.069824,4.620228,bogota,2011
2011-01-31 14:49:55,-74.069824,4.620228,bogota,2011
2011-03-09 18:07:53,-74.065186,4.736912,bogota,2011
2011-05-19 17:09:17,-74.08636800000001,4.6270620000000005,bogota,2011
2011-04-09 17:18:40,-74.086303,4.627072,bogota,2011
2011-02-08 13:39:01,-74.086303,4.627244,bogota,2011
2011-11-17 15:01:46,-74.07061800000001,4.61301,bogota,2011
2011-11-25 08:29:15,-74.070778,4.613082,bogota,2011
2011-10-08 12:20:59,-74.07061800000001,4.61301,bogota,2011
2011-12-23 12:20:11,-74.07061800000001,4.61301,bogota,2011
2011-11-14 23:48:07,-74.09265500000001,4.615266,bogota,2011
2011-06-16 23:44:41,-74.048795,4.682571,bogota,2011
2011-07-24 17:43:10,-74.073836,4.64754,bogota,2011
2011-01-22 16:39:04,-74.101281,4.648738,bogota,2011
2011-09-05 20:34:04,-74.011896,4.665014,bogota,2011
2011-05-28 17:50:02,-74.06197,4.646491999999999,bogota,2011
2011-02-28 19:32:08,-74.14466800000001,4.596017,bogota,2011
2011-12-05 23:59:09,-74.092826,4.655817,bogota,2011
2011-07-20 10:48:17,-74.053917,4.665875,bogota,2011
2011-01-10 19:28:29,-74.054144,4.66657,bogota,2011
2011-06-13 05:03:51,-74.05342900000001,4.666666,bogota,2011
2011-11-18 23:30:34,-74.053924,4.666382,bogota,2011
2011-06-26 14:01:46,-74.052658,4.647947,bogota,2011
2011-02-24 13:44:42,-74.06616700000001,4.6043330000000005,bogota,2011
2011-02-25 11:53:42,-74.08081,4.622966,bogota,2011
2011-01-16 12:28:39,-74.071605,4.7148639999999995,bogota,2011
2011-01-31 15:23:25,-74.047851,4.653079,bogota,2011
2011-06-25 16:06:14,-74.067635,4.612914,bogota,2011
2011-06-26 13:31:59,-74.06749599999999,4.613341,bogota,2011
2011-06-29 13:23:50,-74.083242,4.632994,bogota,2011
2011-07-29 15:20:00,-74.091796,4.624505999999999,bogota,2011
2011-05-25 16:52:14,-74.091796,4.624505999999999,bogota,2011
2011-04-23 22:06:21,-74.082183,4.624334999999999,bogota,2011
2011-09-25 15:18:45,-74.07153100000001,4.595518,bogota,2011
2011-06-27 12:25:33,-74.07172800000001,4.596080000000001,bogota,2011
2011-01-19 19:27:17,-74.05423499999999,4.666601,bogota,2011
2011-10-11 18:23:19,-74.054396,4.666361,bogota,2011
2011-03-31 07:02:03,-74.054229,4.666581,bogota,2011
2011-04-23 16:29:32,-74.054396,4.666361,bogota,2011
2011-06-13 05:32:35,-74.05425600000001,4.666518,bogota,2011
2011-07-07 21:23:44,-74.054396,4.666361,bogota,2011
2011-07-19 12:18:24,-74.055237,4.604097,bogota,2011
2011-05-07 13:01:55,-74.055334,4.603886,bogota,2011
2011-03-26 11:38:01,-74.04999699999999,4.698589,bogota,2011
2011-12-06 23:02:15,-74.07006,4.613758,bogota,2011
2011-07-29 15:02:17,-74.093513,4.615951,bogota,2011
2011-06-20 08:15:12,-74.091453,4.635114,bogota,2011
2011-04-24 16:28:04,-74.091796,4.635285,bogota,2011
2011-04-02 10:20:39,-74.063167,4.688833,bogota,2011
2011-10-12 11:31:52,-74.066176,4.6033,bogota,2011
2011-02-25 17:52:15,-74.066,4.603333,bogota,2011
2011-05-04 11:04:42,-74.057866,4.657005000000001,bogota,2011
2011-03-28 04:21:28,-74.05839399999999,4.657239,bogota,2011
2011-04-08 14:29:33,-74.057833,4.657,bogota,2011
2011-02-10 13:59:51,-74.057833,4.657,bogota,2011
2011-06-27 14:30:45,-74.068753,4.598419,bogota,2011
2011-02-20 06:10:55,-74.065618,4.616993,bogota,2011
2011-01-22 14:40:10,-74.069079,4.595473,bogota,2011
2011-02-06 11:39:39,-74.068751,4.615566,bogota,2011
2011-06-26 13:52:57,-74.068912,4.615362999999999,bogota,2011
2011-05-20 14:56:37,-74.094543,4.6239930000000005,bogota,2011
2011-08-04 14:57:50,-74.08063800000001,4.634227,bogota,2011
2011-04-24 13:21:55,-74.08081,4.634772,bogota,2011
2011-10-01 09:58:35,-74.063215,4.66435,bogota,2011
2011-12-27 17:38:24,-74.076167,4.600833000000001,bogota,2011
2011-10-12 12:53:17,-74.069824,4.642129,bogota,2011
2011-11-13 03:30:20,-74.069824,4.642129,bogota,2011
2011-08-13 18:00:51,-74.069824,4.642129,bogota,2011
2011-07-06 06:20:06,-74.069824,4.642129,bogota,2011
2011-07-17 09:02:13,-74.056777,4.634943,bogota,2011
2011-03-27 16:31:28,-74.07701999999999,4.59814,bogota,2011
2011-12-05 14:41:29,-74.088363,4.631863,bogota,2011
2011-04-10 17:16:58,-74.08802,4.632034,bogota,2011
2011-06-16 15:28:46,-74.090423,4.633916,bogota,2011
2011-05-17 16:16:56,-74.090766,4.633916,bogota,2011
2011-02-27 09:06:43,-74.145167,4.699333,bogota,2011
2011-12-29 23:58:22,-74.14466800000001,4.699274,bogota,2011
2011-06-23 17:05:55,-74.088406,4.657207,bogota,2011
2011-05-20 14:55:50,-74.09111,4.628783,bogota,2011
2011-09-13 16:41:28,-74.090423,4.629297,bogota,2011
2011-07-23 21:23:59,-74.08081,4.625704,bogota,2011
2011-12-21 15:59:39,-74.062834,4.703833,bogota,2011
2011-06-26 17:04:51,-74.074673,4.601792,bogota,2011
2011-05-24 14:28:57,-74.09008,4.627415,bogota,2011
2011-07-28 15:46:47,-74.07,4.610333,bogota,2011
2011-06-27 16:16:56,-74.070131,4.610027,bogota,2011
2011-10-19 10:42:45,-74.085155,4.637178,bogota,2011
2011-05-20 15:12:42,-74.092483,4.62365,bogota,2011
2011-12-14 14:35:08,-74.08905,4.627586,bogota,2011
2011-04-07 22:02:26,-74.083557,4.627072,bogota,2011
2011-06-22 15:01:05,-74.069652,4.59884,bogota,2011
2011-05-11 08:56:15,-74.069733,4.5981879999999995,bogota,2011
2011-02-14 16:36:45,-74.06991,4.598326999999999,bogota,2011
2011-06-26 15:39:34,-74.069824,4.598326999999999,bogota,2011
2011-06-10 19:57:29,-74.073286,4.5940970000000005,bogota,2011
2011-02-24 12:14:41,-74.068,4.603,bogota,2011
2011-05-20 14:56:53,-74.09317,4.62211,bogota,2011
2011-03-11 01:34:07,-74.054833,4.656833,bogota,2011
2011-04-13 14:35:27,-74.054374,4.657015,bogota,2011
2011-05-11 05:16:53,-74.05426999999999,4.657039,bogota,2011
2011-05-27 18:14:13,-74.135184,4.622453,bogota,2011
2011-06-13 10:10:06,-74.069664,4.675773,bogota,2011
2011-10-12 12:55:26,-74.069824,4.674979,bogota,2011
2011-07-28 15:46:04,-74.070833,4.607833,bogota,2011
2011-06-27 15:48:36,-74.070839,4.6079,bogota,2011
2011-09-07 10:21:28,-74.053443,4.673815,bogota,2011
2011-07-28 08:40:43,-74.053443,4.673815,bogota,2011
2011-04-29 17:42:59,-74.053443,4.673815,bogota,2011
2011-10-19 09:13:24,-74.053443,4.673815,bogota,2011
2011-07-03 14:18:45,-74.065811,4.6243989999999995,bogota,2011
2011-07-29 15:19:20,-74.088706,4.615437,bogota,2011
2011-05-08 16:44:15,-74.030673,4.6943589999999995,bogota,2011
2011-06-10 13:29:25,-74.030148,4.694208000000001,bogota,2011
2011-07-02 16:25:46,-74.091796,4.641445,bogota,2011
2011-05-24 14:28:53,-74.091796,4.626901,bogota,2011
2011-06-11 11:02:54,-74.064972,4.690644,bogota,2011
2011-11-13 12:20:49,-74.06497399999999,4.69057,bogota,2011
2011-09-05 17:13:14,-74.10869,4.659669,bogota,2011
2011-05-01 10:42:09,-74.057342,4.672869,bogota,2011
2011-05-13 19:50:54,-74.086303,4.622966,bogota,2011
2011-04-15 16:05:41,-74.082269,4.633943,bogota,2011
2011-05-14 08:47:22,-74.089736,4.634087999999999,bogota,2011
2011-09-01 15:43:35,-74.089736,4.633744999999999,bogota,2011
2011-05-31 14:43:29,-74.07592,4.595119,bogota,2011
2011-02-21 02:50:38,-74.075059,4.595086,bogota,2011
2011-03-14 08:13:24,-74.075064,4.59494,bogota,2011
2011-05-30 07:57:47,-74.07566,4.59499,bogota,2011
2011-05-19 18:23:06,-74.08771899999999,4.624741,bogota,2011
2011-06-26 18:07:14,-74.090423,4.639734,bogota,2011
2011-05-30 18:48:21,-74.058234,4.668436,bogota,2011
2011-07-03 01:08:27,-74.064219,4.645008,bogota,2011
2011-06-25 16:45:47,-74.07741999999999,4.599653,bogota,2011
2011-03-20 03:16:35,-74.02244499999999,4.674594,bogota,2011
2011-03-09 13:55:55,-74.055447,4.670873,bogota,2011
2011-05-11 21:26:31,-74.082183,4.608251,bogota,2011
2011-01-25 18:05:14,-74.060016,4.669033,bogota,2011
2011-03-01 08:35:24,-74.05888900000001,4.658886,bogota,2011
2011-07-31 12:22:48,-74.05918100000001,4.65941,bogota,2011
2011-10-08 00:19:43,-74.0444,4.705359,bogota,2011
2011-10-18 17:13:09,-74.06333599999999,4.637167,bogota,2011
2011-02-25 15:19:36,-74.06916700000001,4.601666000000001,bogota,2011
2011-06-22 15:48:17,-74.068794,4.60192,bogota,2011
2011-12-20 17:45:07,-74.072334,4.663666,bogota,2011
2011-07-03 19:14:08,-74.072463,4.730282,bogota,2011
2011-09-16 17:01:10,-74.057007,4.685338,bogota,2011
2011-02-05 12:09:51,-74.057176,4.684948,bogota,2011
2011-07-13 17:40:40,-74.057057,4.6850190000000005,bogota,2011
2011-06-28 09:17:36,-74.05703299999999,4.685395,bogota,2011
2011-01-04 20:35:58,-74.057,4.685166000000001,bogota,2011
2011-06-11 12:06:28,-74.075317,4.625704,bogota,2011
2011-10-03 16:16:34,-74.059227,4.648251,bogota,2011
2011-07-29 15:01:50,-74.092483,4.60654,bogota,2011
2011-04-27 05:46:03,-74.055487,4.661839,bogota,2011
2011-05-21 15:12:48,-74.0675,4.6365,bogota,2011
2011-09-24 14:33:04,-74.08905,4.6284410000000005,bogota,2011
2011-12-22 12:48:39,-74.08905,4.628612,bogota,2011
2011-12-10 10:07:15,-74.06689,4.6067800000000005,bogota,2011
2011-10-15 04:53:55,-74.066709,4.606917,bogota,2011
2011-11-24 15:59:47,-74.094543,4.630323000000001,bogota,2011
2011-05-01 11:51:48,-74.07486999999999,4.599101999999999,bogota,2011
2011-06-27 14:49:58,-74.074512,4.599033,bogota,2011
2011-08-22 11:38:38,-74.072098,4.594199,bogota,2011
2011-06-27 12:16:25,-74.071567,4.594288,bogota,2011
2011-06-25 16:49:54,-74.075317,4.600744000000001,bogota,2011
2011-02-22 22:12:44,-74.09523,4.656889,bogota,2011
2011-03-06 21:31:51,-74.09523,4.656889,bogota,2011
2011-05-01 12:04:22,-74.073171,4.602818,bogota,2011
2011-05-11 22:14:38,-74.072613,4.60269,bogota,2011
2011-12-08 11:08:12,-74.053752,4.591482,bogota,2011
2011-01-16 12:38:05,-74.073858,4.7101370000000005,bogota,2011
2011-06-11 11:38:54,-74.086303,4.625704,bogota,2011
2011-04-09 17:33:08,-74.086303,4.625704,bogota,2011
2011-10-07 04:27:44,-74.086303,4.625361,bogota,2011
2011-02-25 12:04:36,-74.086303,4.625704,bogota,2011
2011-06-02 23:54:42,-74.086303,4.625704,bogota,2011
2011-07-11 22:20:05,-74.074147,4.627971,bogota,2011
2011-03-12 17:26:43,-74.05946999999999,4.651716,bogota,2011
2011-05-20 02:55:18,-74.052379,4.659496,bogota,2011
2011-11-09 17:22:43,-74.05313000000001,4.661816,bogota,2011
2011-07-07 21:02:55,-74.092483,4.643155999999999,bogota,2011
2011-05-02 06:47:14,-74.052314,4.659413,bogota,2011
2011-05-20 15:12:24,-74.093856,4.631179,bogota,2011
2011-01-16 16:07:57,-74.066305,4.6281419999999995,bogota,2011
2011-06-02 08:34:28,-74.071336,4.598904,bogota,2011
2011-06-27 14:43:42,-74.071389,4.598622,bogota,2011
2011-07-29 15:19:50,-74.07978,4.609962,bogota,2011
2011-07-20 05:02:25,-74.075231,4.646,bogota,2011
2011-10-29 16:48:38,-74.052304,4.667569,bogota,2011
2011-01-01 14:45:11,-74.052214,4.66688,bogota,2011
2011-09-22 09:10:24,-74.09008,4.629297,bogota,2011
2011-04-17 15:10:01,-74.081239,4.735372,bogota,2011
2011-12-26 15:22:42,-74.10600000000001,4.626333,bogota,2011
2011-01-01 13:49:11,-74.058931,4.64998,bogota,2011
2011-10-16 13:28:37,-74.07332099999999,4.703658,bogota,2011
2011-01-12 16:46:29,-74.053374,4.661581,bogota,2011
2011-03-28 22:21:06,-74.063644,4.633916,bogota,2011
2011-07-29 15:20:15,-74.085273,4.619544,bogota,2011
2011-06-28 14:47:05,-74.071689,4.6225190000000005,bogota,2011
2011-06-27 11:59:48,-74.069048,4.596586,bogota,2011
2011-05-30 10:23:04,-74.069565,4.597001000000001,bogota,2011
2011-01-31 15:02:40,-74.047851,4.620228,bogota,2011
2011-09-11 15:08:13,-74.047851,4.620228,bogota,2011
2011-09-11 15:08:22,-74.09111,4.627244,bogota,2011
2011-05-25 16:52:53,-74.09111,4.627072,bogota,2011
2011-01-27 00:29:40,-74.082183,4.629468,bogota,2011
2011-12-14 12:46:09,-74.08184,4.629126,bogota,2011
2011-10-22 12:40:32,-74.09683199999999,4.622282,bogota,2011
2011-12-10 00:29:18,-74.038889,4.719166,bogota,2011
2011-06-19 12:03:23,-74.032659,4.689222,bogota,2011
2011-06-22 15:13:35,-74.06862199999999,4.600466,bogota,2011
2011-04-21 18:00:01,-74.054739,4.652165,bogota,2011
2011-05-23 15:32:28,-74.08905,4.609791,bogota,2011
2011-09-30 21:59:05,-74.088592,4.610646,bogota,2011
2011-02-26 15:25:01,-74.051934,4.6469309999999995,bogota,2011
2011-05-26 17:47:49,-74.057707,4.645617,bogota,2011
2011-08-24 17:14:53,-74.057,4.645499,bogota,2011
2011-10-15 18:14:42,-74.083557,4.596273,bogota,2011
2011-05-16 08:22:51,-74.06304300000001,4.597343,bogota,2011
2011-02-06 11:55:54,-74.044246,4.5823279999999995,bogota,2011
2011-03-30 05:55:30,-74.056472,4.657128,bogota,2011
2011-05-05 02:53:41,-74.056894,4.657312999999999,bogota,2011
2011-01-12 16:53:46,-74.05601899999999,4.657299,bogota,2011
2011-01-26 00:06:18,-74.060374,4.642707,bogota,2011
2011-02-19 19:32:42,-74.059667,4.642666999999999,bogota,2011
2011-03-26 12:58:32,-74.099098,4.702648,bogota,2011
2011-09-26 08:07:30,-74.08699,4.632034,bogota,2011
2011-02-25 10:05:23,-74.0655,4.6025,bogota,2011
2011-01-30 14:09:28,-74.075988,4.609374,bogota,2011
2011-09-11 03:26:49,-74.084243,4.630666000000001,bogota,2011
2011-09-07 17:43:21,-74.072914,4.637658999999999,bogota,2011
2011-02-25 06:37:10,-74.06668,4.619758,bogota,2011
2011-06-28 02:42:03,-74.093781,4.611673000000001,bogota,2011
2011-04-15 10:39:01,-74.0839,4.638194,bogota,2011
2011-09-30 22:06:35,-74.09408499999999,4.628099,bogota,2011
2011-10-13 20:02:57,-74.05116600000001,4.7025879999999995,bogota,2011
2011-01-07 23:14:07,-74.055697,4.666187,bogota,2011
2011-06-15 18:23:12,-74.05585500000001,4.666072,bogota,2011
2011-10-12 12:46:39,-74.04968000000001,4.703308,bogota,2011
2011-01-30 17:52:25,-74.084193,4.6233629999999994,bogota,2011
2011-03-29 06:55:05,-74.062744,4.695688,bogota,2011
2011-04-17 05:01:49,-74.062719,4.69571,bogota,2011
2011-04-03 17:39:02,-74.08081,4.6565010000000004,bogota,2011
2011-03-27 19:35:15,-74.08081,4.6565010000000004,bogota,2011
2011-05-10 06:36:03,-74.074609,4.596648,bogota,2011
2011-01-01 14:35:59,-74.06738,4.693601999999999,bogota,2011
2011-02-19 22:54:37,-74.06742,4.614528,bogota,2011
2011-03-09 21:23:03,-74.146986,4.699915,bogota,2011
2011-02-08 02:39:08,-74.078836,4.595461,bogota,2011
2011-12-07 21:19:35,-74.10748199999999,4.676025,bogota,2011
2011-01-20 16:27:22,-74.063005,4.689541999999999,bogota,2011
2011-12-06 08:47:00,-74.058837,4.613555,bogota,2011
2011-07-22 13:47:07,-74.05019,4.673156,bogota,2011
2011-06-15 08:57:14,-74.051592,4.683765,bogota,2011
2011-06-14 01:24:44,-74.04419,4.681732,bogota,2011
2011-10-25 17:19:45,-74.091339,4.613042,bogota,2011
2011-06-22 15:56:55,-74.06846999999999,4.602247,bogota,2011
2011-05-27 01:27:33,-74.047833,4.6765,bogota,2011
2011-06-12 13:05:41,-74.047833,4.6765,bogota,2011
2011-03-24 19:18:49,-74.086303,4.632548,bogota,2011
2011-04-11 14:58:03,-74.086303,4.632548,bogota,2011
2011-07-29 15:19:47,-74.083213,4.60808,bogota,2011
2011-04-15 12:51:19,-74.091796,4.633916,bogota,2011
2011-02-25 12:43:38,-74.091796,4.633916,bogota,2011
2011-02-25 23:30:36,-74.065167,4.678666000000001,bogota,2011
2011-06-28 10:43:41,-74.094543,4.638707,bogota,2011
2011-08-15 17:34:57,-74.08905,4.610989,bogota,2011
2011-08-25 15:23:05,-74.068071,4.62873,bogota,2011
2011-05-28 17:07:49,-74.101088,4.64815,bogota,2011
2011-10-07 17:25:58,-74.088706,4.6310080000000005,bogota,2011
2011-12-14 18:04:21,-74.088706,4.631179,bogota,2011
2011-12-12 13:12:03,-74.088706,4.63135,bogota,2011
2011-12-23 18:31:38,-74.08905,4.6310080000000005,bogota,2011
2011-10-01 04:34:35,-74.06585799999999,4.644712,bogota,2011
2011-09-11 00:35:19,-74.065046,4.644792,bogota,2011
2011-05-17 06:34:13,-74.05673,4.663973,bogota,2011
2011-03-11 16:16:18,-74.147329,4.6990169999999996,bogota,2011
2011-12-25 03:11:51,-74.11069,4.597375,bogota,2011
2011-03-22 11:51:03,-74.052003,4.684507,bogota,2011
2011-10-29 16:14:01,-74.060211,4.64384,bogota,2011
2011-03-02 13:26:54,-74.056049,4.6532599999999995,bogota,2011
2011-09-30 13:28:13,-74.10623000000001,4.6582300000000005,bogota,2011
2011-12-08 12:05:01,-74.051799,4.615437,bogota,2011
2011-11-26 13:00:56,-74.089393,4.629297,bogota,2011
2011-06-10 10:51:04,-74.08905,4.628955,bogota,2011
2011-03-14 08:15:37,-74.07458000000001,4.595398,bogota,2011
2011-06-27 13:26:04,-74.071839,4.600691,bogota,2011
2011-06-27 14:28:27,-74.068567,4.5986970000000005,bogota,2011
2011-05-11 09:00:50,-74.068493,4.598423,bogota,2011
2011-05-25 16:52:34,-74.093513,4.624164,bogota,2011
2011-05-19 17:10:20,-74.085702,4.62789,bogota,2011
2011-05-24 14:29:07,-74.09626,4.62365,bogota,2011
2011-11-08 13:48:15,-74.047003,4.674792,bogota,2011
2011-10-28 13:19:26,-74.047003,4.674792,bogota,2011
2011-02-10 17:47:59,-74.0547,4.655779,bogota,2011
2011-03-23 12:15:05,-74.105486,4.657528,bogota,2011
2011-10-07 18:41:28,-74.105486,4.657528,bogota,2011
2011-11-02 11:32:51,-74.105486,4.657528,bogota,2011
2011-03-02 12:55:08,-74.0555,4.655,bogota,2011
2011-02-23 14:07:43,-74.055167,4.655,bogota,2011
2011-12-21 13:30:39,-74.065167,4.68,bogota,2011
2011-11-05 16:53:09,-74.07583199999999,4.606711,bogota,2011
2011-02-26 16:10:50,-74.0315,4.694833,bogota,2011
2011-09-08 07:52:09,-74.040942,4.699873,bogota,2011
2011-07-29 14:55:26,-74.069047,4.622346,bogota,2011
2011-04-02 16:33:50,-74.09626,4.627072,bogota,2011
2011-12-05 15:02:22,-74.09626,4.627586,bogota,2011
2011-04-16 11:11:13,-74.095916,4.627586,bogota,2011
2011-05-01 06:39:48,-74.05651999999999,4.678187,bogota,2011
2011-08-18 22:46:18,-74.060983,4.663880000000001,bogota,2011
2011-10-04 06:49:28,-74.061541,4.665869,bogota,2011
2011-05-31 17:53:44,-74.06965600000001,4.596958,bogota,2011
2011-07-17 21:18:13,-74.06975899999999,4.596979,bogota,2011
2011-05-11 08:47:56,-74.070382,4.596369999999999,bogota,2011
2011-02-01 17:01:00,-74.087677,4.62981,bogota,2011
2011-06-26 14:25:13,-74.062281,4.624741,bogota,2011
2011-08-09 14:27:31,-74.066069,4.641274,bogota,2011
2011-03-31 21:12:28,-74.08721899999999,4.625704,bogota,2011
2011-07-19 11:24:10,-74.054878,4.603962999999999,bogota,2011
2011-05-07 12:56:18,-74.054909,4.604108,bogota,2011
2011-05-06 09:31:11,-74.06730999999999,4.600102,bogota,2011
2011-12-05 19:12:10,-74.058542,4.650716,bogota,2011
2011-12-27 15:54:01,-74.07083399999999,4.604666,bogota,2011
2011-12-07 22:02:51,-74.080123,4.612015,bogota,2011
2011-01-31 19:39:28,-74.061003,4.662959,bogota,2011
2011-10-06 19:28:37,-74.04771099999999,4.67686,bogota,2011
2011-07-29 15:02:02,-74.087333,4.60808,bogota,2011
2011-08-03 02:33:35,-74.08716899999999,4.6261849999999995,bogota,2011
2011-12-21 21:00:36,-74.08699,4.6263879999999995,bogota,2011
2011-05-20 14:56:08,-74.090423,4.625704,bogota,2011
2011-12-09 18:08:20,-74.07892199999999,4.734302,bogota,2011
2011-12-22 13:37:16,-74.0675,4.6421660000000005,bogota,2011
2011-04-17 06:08:13,-74.08699,4.624164,bogota,2011
2011-08-15 17:44:53,-74.08699,4.62365,bogota,2011
2011-01-16 12:37:57,-74.067045,4.71002,bogota,2011
2011-12-08 11:27:37,-74.048109,4.615266,bogota,2011
2011-07-18 10:01:18,-74.094543,4.631863,bogota,2011
2011-01-16 12:30:43,-74.071562,4.708598,bogota,2011
2011-07-30 18:08:18,-74.090595,4.639563,bogota,2011
2011-05-12 18:02:13,-74.067528,4.644674,bogota,2011
2011-01-02 16:21:24,-74.054374,4.592937,bogota,2011
2011-03-12 17:15:35,-74.07669,4.647433,bogota,2011
2011-10-27 13:16:19,-74.07419399999999,4.612277,bogota,2011
2011-12-12 14:28:26,-74.086303,4.629981,bogota,2011
2011-01-14 10:36:42,-74.077823,4.627926,bogota,2011
2011-01-22 21:20:21,-74.106043,4.647816000000001,bogota,2011
2011-05-20 15:12:36,-74.092826,4.626558999999999,bogota,2011
2011-03-04 16:44:00,-74.094543,4.632548,bogota,2011
2011-07-02 16:17:37,-74.088792,4.6168059999999995,bogota,2011
2011-05-20 14:55:12,-74.092483,4.628955,bogota,2011
2011-08-15 17:32:48,-74.092826,4.628955,bogota,2011
2011-02-06 11:19:09,-74.06666700000001,4.6155550000000005,bogota,2011
2011-01-11 16:59:15,-74.113125,4.690987000000001,bogota,2011
2011-02-05 14:41:18,-74.04042700000001,4.678615,bogota,2011
2011-08-05 12:28:29,-74.04647800000001,4.66728,bogota,2011
2011-01-16 12:21:44,-74.070103,4.712832,bogota,2011
2011-01-16 12:23:28,-74.070403,4.712468,bogota,2011
2011-05-30 06:33:46,-74.053071,4.664055,bogota,2011
2011-06-20 13:03:57,-74.05311,4.67445,bogota,2011
2011-01-05 07:48:37,-74.053173,4.674618,bogota,2011
2011-06-28 12:15:27,-74.0842,4.615387999999999,bogota,2011
2011-03-11 15:36:47,-74.146556,4.700771,bogota,2011
2011-08-02 12:28:35,-74.02986999999999,4.687533,bogota,2011
2011-05-25 16:52:17,-74.091453,4.622282,bogota,2011
2011-11-29 01:06:56,-74.076325,4.701188,bogota,2011
2011-09-16 21:15:26,-74.057418,4.740041000000001,bogota,2011
2011-05-11 21:48:13,-74.09008,4.626901,bogota,2011
2011-11-26 13:00:32,-74.074287,4.626217,bogota,2011
2011-07-29 15:01:34,-74.095916,4.596101999999999,bogota,2011
2011-12-27 16:20:50,-74.07216700000001,4.603499,bogota,2011
2011-10-17 23:29:53,-74.151878,4.589429,bogota,2011
2011-04-09 16:55:09,-74.094543,4.625704,bogota,2011
2011-05-20 14:56:27,-74.09214,4.626046,bogota,2011
2011-07-29 15:20:12,-74.09214,4.625532,bogota,2011
2011-09-25 15:58:16,-74.069352,4.651828,bogota,2011
2011-07-17 01:51:32,-74.061584,4.614753,bogota,2011
2011-05-15 12:13:32,-74.08493,4.6144110000000005,bogota,2011
2011-04-19 17:55:01,-74.142951,4.633719,bogota,2011
2011-10-14 05:45:09,-74.071326,4.61193,bogota,2011
2011-03-11 16:46:25,-74.148015,4.699145,bogota,2011
2011-11-17 23:28:38,-74.078407,4.63289,bogota,2011
2011-03-16 13:23:55,-74.051799,4.686998,bogota,2011
2011-06-08 10:49:14,-74.04909599999999,4.619159,bogota,2011
2011-05-29 00:27:55,-74.065017,4.6263879999999995,bogota,2011
2011-11-29 10:33:01,-74.051831,4.703139,bogota,2011
2011-05-19 18:05:12,-74.08681800000001,4.633146,bogota,2011
2011-07-03 16:53:52,-74.054374,4.733319,bogota,2011
2011-10-02 10:25:33,-74.063773,4.663302,bogota,2011
2011-02-06 11:18:32,-74.066519,4.615149,bogota,2011
2011-03-21 11:45:50,-74.098949,4.66867,bogota,2011
2011-06-28 15:50:04,-74.069739,4.604188,bogota,2011
2011-04-16 18:16:29,-74.089736,4.612357,bogota,2011
2011-06-28 13:18:39,-74.077689,4.617886,bogota,2011
2011-06-22 15:42:05,-74.068965,4.60115,bogota,2011
2011-09-17 11:43:40,-74.110336,4.635285,bogota,2011
2011-03-20 15:56:21,-74.092483,4.620399,bogota,2011
2011-09-15 16:05:40,-74.123725,4.660436,bogota,2011
2011-05-20 05:17:40,-74.052903,4.6589730000000005,bogota,2011
2011-07-29 15:20:09,-74.08905,4.621597,bogota,2011
2011-04-17 22:38:20,-74.088706,4.621768,bogota,2011
2011-04-16 04:12:44,-74.08905,4.621597,bogota,2011
2011-12-08 11:55:51,-74.048967,4.605085,bogota,2011
2011-03-30 21:40:47,-74.084115,4.632441,bogota,2011
2011-03-18 09:28:38,-74.070833,4.617833,bogota,2011
2011-11-12 16:11:02,-74.086303,4.589942,bogota,2011
2011-09-11 15:08:12,-74.088363,4.626558999999999,bogota,2011
2011-06-17 16:01:11,-74.08793399999999,4.633061,bogota,2011
2011-02-02 16:31:39,-74.087677,4.632548,bogota,2011
2011-06-22 10:16:50,-74.06124100000001,4.598326999999999,bogota,2011
2011-04-25 12:06:27,-74.079417,4.6344650000000005,bogota,2011
2011-11-30 15:32:49,-74.09523,4.605164,bogota,2011
2011-06-22 09:26:29,-74.061927,4.5989260000000005,bogota,2011
2011-03-08 06:47:47,-74.051921,4.6627220000000005,bogota,2011
2011-10-30 14:29:43,-74.159002,4.627415,bogota,2011
2011-12-04 09:52:56,-74.06314499999999,4.679037,bogota,2011
2011-09-04 20:25:54,-74.063061,4.6788110000000005,bogota,2011
2011-11-17 05:45:35,-74.063114,4.678968,bogota,2011
2011-08-31 13:41:06,-74.063061,4.6788110000000005,bogota,2011
2011-12-08 23:40:12,-74.068,4.618,bogota,2011
2011-02-04 13:22:24,-74.106602,4.663099,bogota,2011
2011-01-28 13:22:49,-74.107354,4.66287,bogota,2011
2011-05-27 09:21:21,-74.07154,4.60962,bogota,2011
2011-08-14 16:16:15,-74.104435,4.655742,bogota,2011
2011-10-09 16:13:01,-74.069824,4.631179,bogota,2011
2011-11-18 05:11:23,-74.069824,4.631179,bogota,2011
2011-02-15 07:39:06,-74.152908,4.631521,bogota,2011
2011-08-31 23:37:24,-74.067041,4.701872,bogota,2011
2011-12-22 01:34:42,-74.066373,4.644268,bogota,2011
2011-04-10 22:14:23,-74.09729,4.633916,bogota,2011
2011-03-21 11:27:42,-74.06225,4.692191,bogota,2011
2011-07-20 16:24:43,-74.053984,4.675014,bogota,2011
2011-05-28 07:32:45,-74.041567,4.701912999999999,bogota,2011
2011-04-24 14:52:27,-74.041664,4.701322,bogota,2011
2011-04-23 17:36:25,-74.053688,4.651711,bogota,2011
2011-04-04 19:38:24,-74.083235,4.634221,bogota,2011
2011-04-17 10:54:40,-74.099006,4.610818,bogota,2011
2011-12-04 00:04:17,-74.107332,4.663933,bogota,2011
2011-01-16 12:52:33,-74.053087,4.709581,bogota,2011
2011-06-26 17:49:45,-74.07551,4.596038,bogota,2011
2011-09-17 11:28:49,-74.120292,4.6542769999999996,bogota,2011
2011-10-19 10:54:46,-74.08795500000001,4.638312,bogota,2011
2011-03-18 06:36:53,-74.125099,4.653251,bogota,2011
2011-10-19 10:45:40,-74.085402,4.63675,bogota,2011
2011-09-27 22:57:06,-74.085166,4.636526,bogota,2011
2011-07-20 04:13:54,-74.054167,4.6763330000000005,bogota,2011
2011-03-13 13:11:21,-74.053928,4.675936,bogota,2011
2011-12-26 18:04:10,-74.07978,4.6304940000000006,bogota,2011
2011-01-21 21:34:07,-74.07971500000001,4.630024,bogota,2011
2011-07-19 15:10:25,-74.086303,4.603802,bogota,2011
2011-05-28 19:39:04,-74.088134,4.609278,bogota,2011
2011-01-16 12:29:24,-74.071004,4.705967,bogota,2011
2011-05-25 16:52:21,-74.091453,4.622966,bogota,2011
2011-05-17 13:21:18,-74.069824,4.664029,bogota,2011
2011-10-09 21:01:28,-74.069824,4.664029,bogota,2011
2011-06-20 02:52:20,-74.069824,4.664029,bogota,2011
2011-03-04 16:43:55,-74.102783,4.644182,bogota,2011
2011-03-26 15:23:55,-74.09523,4.631521,bogota,2011
2011-07-28 11:32:12,-74.050024,4.672994999999999,bogota,2011
2011-08-20 01:03:15,-74.079437,4.6468989999999994,bogota,2011
2011-06-24 23:02:57,-74.067678,4.613812,bogota,2011
2011-04-09 06:10:30,-74.064326,4.693077,bogota,2011
2011-01-29 14:18:44,-74.06433299999999,4.693833000000001,bogota,2011
2011-05-07 11:23:35,-74.055,4.604386,bogota,2011
2011-06-26 15:58:30,-74.05514699999999,4.604658000000001,bogota,2011
2011-04-07 21:55:08,-74.083557,4.6284410000000005,bogota,2011
2011-06-26 18:06:49,-74.090423,4.64076,bogota,2011
2011-01-16 12:24:28,-74.071733,4.714564,bogota,2011
2011-02-26 16:10:24,-74.031334,4.6945,bogota,2011
2011-05-20 14:56:57,-74.089736,4.628099,bogota,2011
2011-07-29 15:19:31,-74.087677,4.604487000000001,bogota,2011
2011-01-13 09:08:12,-74.047123,4.689049,bogota,2011
2011-08-25 18:00:33,-74.056333,4.693333,bogota,2011
2011-12-03 06:49:53,-74.09111,4.634772,bogota,2011
2011-09-07 21:25:28,-74.062957,4.639049,bogota,2011
2011-02-08 15:54:37,-74.109992,4.645722,bogota,2011
2011-12-03 14:00:20,-74.076004,4.627072,bogota,2011
2011-05-20 15:12:47,-74.093856,4.626901,bogota,2011
2011-06-10 10:51:47,-74.093856,4.626558999999999,bogota,2011
2011-07-29 15:20:03,-74.09317,4.616122,bogota,2011
2011-07-02 12:21:13,-74.061295,4.639151999999999,bogota,2011
2011-10-12 10:11:00,-74.080274,4.6371459999999995,bogota,2011
2011-07-29 15:19:22,-74.093856,4.617319999999999,bogota,2011
2011-12-20 18:47:06,-74.061927,4.638707,bogota,2011
2011-04-25 00:00:02,-74.090423,4.635285,bogota,2011
2011-07-29 15:02:05,-74.096946,4.596273,bogota,2011
2011-06-27 12:33:34,-74.071248,4.596963,bogota,2011
2011-02-16 18:04:42,-74.06133299999999,4.667333,bogota,2011
2011-10-30 14:29:41,-74.074802,4.607908999999999,bogota,2011
2011-05-20 15:38:22,-74.086647,4.615951,bogota,2011
2011-04-18 16:12:34,-74.083826,4.737082,bogota,2011
2011-06-02 14:47:06,-74.088363,4.622624,bogota,2011
2011-03-01 14:04:28,-74.0515,4.664,bogota,2011
2011-02-21 20:21:23,-74.051833,4.664,bogota,2011
2011-06-25 14:49:02,-74.068665,4.611395,bogota,2011
2011-08-04 11:56:00,-74.068093,4.628783,bogota,2011
2011-02-26 04:05:07,-74.084587,4.614240000000001,bogota,2011
2011-01-16 13:12:51,-74.050598,4.759835,bogota,2011
2011-07-02 18:08:39,-74.09111,4.636996,bogota,2011
2011-12-27 12:10:35,-74.090766,4.637167,bogota,2011
2011-06-27 16:47:10,-74.069717,4.6030690000000005,bogota,2011
2011-03-04 16:43:40,-74.086303,4.641445,bogota,2011
2011-07-29 15:20:27,-74.09626,4.623137,bogota,2011
2011-08-30 12:38:27,-74.106071,4.760432,bogota,2011
2011-03-10 23:14:14,-74.061949,4.643134,bogota,2011
2011-06-22 15:39:28,-74.07056700000001,4.6019879999999995,bogota,2011
2011-05-20 14:56:48,-74.09317,4.622966,bogota,2011
2011-07-29 15:19:57,-74.09317,4.622624,bogota,2011
2011-02-24 13:41:46,-74.082183,4.632377,bogota,2011
2011-12-28 14:38:21,-74.051334,4.699833,bogota,2011
2011-07-03 17:52:59,-74.083099,4.608251,bogota,2011
2011-08-23 18:13:05,-74.054777,4.650777,bogota,2011
2011-09-21 19:16:08,-74.054777,4.650777,bogota,2011
2011-02-06 15:02:12,-74.063889,4.617776999999999,bogota,2011
2011-05-29 18:13:48,-74.034805,4.669504,bogota,2011
2011-11-26 03:48:52,-74.08802,4.63135,bogota,2011
2011-12-22 18:05:47,-74.08802,4.630666000000001,bogota,2011
2011-02-09 17:58:52,-74.059122,4.660142,bogota,2011
2011-10-08 00:10:07,-74.07228,4.608039,bogota,2011
2011-03-14 04:53:07,-74.068833,4.675167,bogota,2011
2011-11-07 13:04:52,-74.05309,4.6749529999999995,bogota,2011
2011-03-06 15:15:11,-74.053087,4.675108,bogota,2011
2011-11-03 18:03:54,-74.078063,4.634601,bogota,2011
2011-05-14 09:52:27,-74.059607,4.642608999999999,bogota,2011
2011-05-17 06:53:49,-74.05497700000001,4.697979,bogota,2011
2011-05-01 10:40:01,-74.057128,4.673419,bogota,2011
2011-03-19 06:11:49,-74.06666700000001,4.692667,bogota,2011
2011-01-23 17:01:57,-74.066691,4.6926760000000005,bogota,2011
2011-05-25 16:52:51,-74.091796,4.6238209999999995,bogota,2011
2011-07-29 15:19:38,-74.091453,4.617662,bogota,2011
2011-04-17 06:22:27,-74.08184,4.584980000000001,bogota,2011
2011-02-26 12:26:04,-74.07266700000001,4.671166,bogota,2011
2011-07-29 15:19:29,-74.09111,4.613897,bogota,2011
2011-07-29 15:20:06,-74.0942,4.617662,bogota,2011
2011-10-21 18:49:29,-74.072785,4.614304,bogota,2011
2011-02-26 15:05:30,-74.02333399999999,4.736833,bogota,2011
2011-09-13 13:01:51,-74.04373100000001,4.667451,bogota,2011
2011-08-17 21:10:44,-74.0839,4.63135,bogota,2011
2011-12-26 19:02:16,-74.083213,4.6308370000000005,bogota,2011
2011-02-02 08:40:19,-74.083557,4.631179,bogota,2011
2011-04-18 08:39:30,-74.069,4.625,bogota,2011
2011-10-10 17:36:19,-74.143062,4.69953,bogota,2011
2011-07-03 13:07:03,-74.05471800000001,4.734173999999999,bogota,2011
2011-03-11 16:56:52,-74.148015,4.69953,bogota,2011
2011-05-25 16:52:06,-74.09214,4.625019,bogota,2011
2011-06-28 15:12:47,-74.082228,4.61608,bogota,2011
2011-10-21 19:51:59,-74.072828,4.614218,bogota,2011
2011-02-26 15:58:20,-74.032,4.694,bogota,2011
2011-07-03 16:02:51,-74.055061,4.73674,bogota,2011
2011-05-15 14:12:13,-74.087677,4.589429,bogota,2011
2011-04-19 06:04:05,-74.09626,4.635285,bogota,2011
2011-02-24 17:42:40,-74.062936,4.601535,bogota,2011
2011-07-29 15:01:30,-74.09111,4.604144,bogota,2011
2011-01-30 14:05:46,-74.058207,4.649253,bogota,2011
2011-12-08 11:58:53,-74.057078,4.610989,bogota,2011
2011-10-15 21:00:42,-74.06864399999999,4.663965,bogota,2011
2011-01-24 17:50:19,-74.05825,4.696301,bogota,2011
2011-08-08 16:29:41,-74.05881600000001,4.611694,bogota,2011
2011-04-11 04:47:41,-74.042833,4.688833,bogota,2011
2011-12-27 15:50:45,-74.070667,4.604166,bogota,2011
2011-07-29 15:01:58,-74.104843,4.602433,bogota,2011
2011-02-03 17:59:14,-74.054012,4.660229,bogota,2011
2011-02-10 17:51:36,-74.05457,4.654105,bogota,2011
2011-05-27 23:37:24,-74.085273,4.6072239999999995,bogota,2011
2011-02-15 14:36:12,-74.050843,4.660511,bogota,2011
2011-11-01 03:38:05,-74.115657,4.6423,bogota,2011
2011-05-19 23:25:56,-74.083557,4.613555,bogota,2011
2011-03-26 15:29:05,-74.099998,4.6167,bogota,2011
2011-06-28 17:48:47,-74.057464,4.687298,bogota,2011
2011-07-29 15:01:41,-74.091453,4.601064,bogota,2011
2011-05-20 14:55:43,-74.090423,4.624676999999999,bogota,2011
2011-11-26 13:02:38,-74.08081,4.633916,bogota,2011
2011-06-11 11:26:12,-74.08081,4.633916,bogota,2011
2011-04-10 11:28:00,-74.078063,4.629126,bogota,2011
2011-08-02 16:59:31,-74.091796,4.707828,bogota,2011
2011-03-07 18:15:49,-74.0615,4.6915,bogota,2011
2011-05-29 06:12:56,-74.090623,4.612257,bogota,2011
2011-07-03 16:46:29,-74.057464,4.712618,bogota,2011
2011-11-30 15:19:32,-74.085617,4.617483999999999,bogota,2011
2011-01-04 00:19:21,-74.046435,4.716901,bogota,2011
2011-06-23 13:45:23,-74.046435,4.716901,bogota,2011
2011-07-29 15:20:21,-74.092483,4.620913,bogota,2011
2011-05-25 16:52:55,-74.090423,4.626217,bogota,2011
2011-05-29 06:13:24,-74.098175,4.63945,bogota,2011
2011-01-16 13:40:21,-74.04888100000001,4.773862,bogota,2011
2011-08-27 14:16:39,-74.08163,4.732854,bogota,2011
2011-12-22 20:18:12,-74.051163,4.668680999999999,bogota,2011
2011-06-28 11:49:24,-74.083045,4.606808,bogota,2011
2011-06-14 11:23:08,-74.097976,4.613897,bogota,2011
2011-08-14 16:19:41,-74.078664,4.6522239999999995,bogota,2011
2011-02-02 17:45:27,-74.069941,4.697437,bogota,2011
2011-06-25 15:18:05,-74.070596,4.610625,bogota,2011
2011-03-08 23:20:25,-74.109306,4.653849,bogota,2011
2011-12-03 14:01:03,-74.080123,4.63443,bogota,2011
2011-05-10 07:57:06,-74.08081,4.614753,bogota,2011
2011-02-25 18:00:59,-74.065834,4.605499,bogota,2011
2011-09-16 12:40:50,-74.108132,4.659416,bogota,2011
2011-07-02 16:40:18,-74.06082099999999,4.678449,bogota,2011
2011-03-15 09:11:24,-74.034118,4.817312,bogota,2011
2011-05-22 03:07:50,-74.061516,4.694837000000001,bogota,2011
2011-02-06 15:29:44,-74.034141,4.68687,bogota,2011
2011-05-04 18:45:10,-74.094886,4.628099,bogota,2011
2011-09-17 14:26:04,-74.094886,4.6238209999999995,bogota,2011
2011-08-15 18:50:41,-74.095573,4.624164,bogota,2011
2011-06-01 09:13:46,-74.042153,4.6818230000000005,bogota,2011
2011-01-16 12:32:22,-74.070918,4.7052190000000005,bogota,2011
2011-07-29 15:02:13,-74.082527,4.587376,bogota,2011
2011-09-23 19:10:25,-74.074463,4.665909,bogota,2011
2011-05-04 08:47:31,-74.053292,4.679588,bogota,2011
2011-03-04 16:43:38,-74.095916,4.642129,bogota,2011
2011-03-19 16:45:34,-74.04798000000001,4.679513,bogota,2011
2011-04-07 06:16:48,-74.059961,4.695634,bogota,2011
2011-12-26 16:05:07,-74.0945,4.646666000000001,bogota,2011
2011-09-18 15:13:25,-74.06616700000001,4.5995,bogota,2011
2011-05-12 00:12:32,-74.079523,4.587654,bogota,2011
2011-12-26 13:00:37,-74.145834,4.665166,bogota,2011
2011-03-09 20:23:26,-74.146127,4.699274,bogota,2011
2011-01-18 19:17:46,-74.111441,4.693355,bogota,2011
2011-11-18 08:15:58,-74.05583299999999,4.672499,bogota,2011
2011-01-05 05:41:01,-74.096506,4.702786,bogota,2011
2011-09-17 12:32:07,-74.105529,4.635456,bogota,2011
2011-12-22 17:30:27,-74.069834,4.690333,bogota,2011
2011-01-16 13:12:49,-74.051284,4.748202,bogota,2011
2011-10-30 20:55:37,-74.091796,4.653079,bogota,2011
2011-01-13 22:12:56,-74.070605,4.696941000000001,bogota,2011
2011-05-04 18:06:34,-74.070667,4.697,bogota,2011
2011-08-15 17:24:58,-74.09523,4.618175,bogota,2011
2011-12-23 10:09:26,-74.057334,4.6436660000000005,bogota,2011
2011-09-03 21:33:58,-74.047679,4.708341000000001,bogota,2011
2011-05-20 14:56:01,-74.089736,4.626046,bogota,2011
2011-04-24 05:45:40,-74.074139,4.617719,bogota,2011
2011-06-28 14:18:38,-74.074717,4.6177269999999995,bogota,2011
2011-06-26 18:04:21,-74.091796,4.643498,bogota,2011
2011-08-13 16:07:02,-74.086667,4.697,bogota,2011
2011-09-22 05:33:24,-74.04203299999999,4.681067,bogota,2011
2011-05-01 13:39:13,-74.053,4.67035,bogota,2011
2011-07-19 17:55:48,-74.075553,4.605695,bogota,2011
2011-04-17 16:42:32,-74.15205,4.705689,bogota,2011
2011-07-27 11:44:42,-74.058442,4.68737,bogota,2011
2011-09-12 16:11:11,-74.106688,4.661645,bogota,2011
2011-11-01 09:00:18,-74.10716,4.662185,bogota,2011
2011-05-22 14:04:02,-74.052529,4.714415,bogota,2011
2011-05-27 10:19:49,-74.077377,4.613726,bogota,2011
2011-05-15 19:04:26,-74.08081,4.6585540000000005,bogota,2011
2011-02-06 14:55:28,-74.063056,4.618055,bogota,2011
2011-01-16 12:33:01,-74.070875,4.703701000000001,bogota,2011
2011-10-27 16:48:55,-74.081479,4.615598,bogota,2011
2011-06-22 15:04:04,-74.068279,4.599696,bogota,2011
2011-02-12 15:50:35,-74.05760699999999,4.658996,bogota,2011
2011-06-22 09:24:59,-74.06106899999999,4.597129,bogota,2011
2011-05-20 14:56:43,-74.092826,4.62827,bogota,2011
2011-02-25 12:15:57,-74.086303,4.612015,bogota,2011
2011-10-05 22:38:53,-74.06786600000001,4.6589730000000005,bogota,2011
2011-03-11 17:04:11,-74.14595600000001,4.69829,bogota,2011
2011-03-31 21:12:29,-74.08447199999999,4.62981,bogota,2011
2011-11-12 15:06:39,-74.08802,4.625532,bogota,2011
2011-06-12 13:04:17,-74.054889,4.681223999999999,bogota,2011
2011-05-19 23:16:19,-74.07875,4.624164,bogota,2011
2011-04-19 14:12:16,-74.063816,4.650684,bogota,2011
2011-01-14 10:22:29,-74.06916700000001,4.691388,bogota,2011
2011-05-26 17:46:09,-74.022667,4.7410000000000005,bogota,2011
2011-03-09 21:20:09,-74.147071,4.700343,bogota,2011
2011-12-23 09:55:47,-74.0675,4.642333,bogota,2011
2011-04-17 17:08:41,-74.152822,4.7060319999999995,bogota,2011
2011-04-14 05:21:42,-74.054335,4.701674,bogota,2011
2011-12-22 11:23:23,-74.082334,4.674666,bogota,2011
2011-02-03 09:58:00,-74.092483,4.618688,bogota,2011
2011-10-08 00:10:19,-74.06903,4.607080000000001,bogota,2011
2011-04-23 19:49:19,-74.078407,4.590798,bogota,2011
2011-05-27 23:36:02,-74.07566,4.608764,bogota,2011
2011-06-22 09:21:55,-74.061756,4.5985830000000005,bogota,2011
2011-01-11 19:13:33,-74.06948,4.636141,bogota,2011
2011-01-12 11:23:04,-74.036062,4.719961,bogota,2011
2011-02-24 13:42:35,-74.055876,4.665799,bogota,2011
2011-01-07 04:03:12,-74.056412,4.672505,bogota,2011
2011-05-20 14:56:31,-74.091453,4.629639,bogota,2011
2011-09-22 08:50:18,-74.091453,4.629639,bogota,2011
2011-12-26 21:25:53,-74.071,4.689666000000001,bogota,2011
2011-07-29 15:19:26,-74.091796,4.620913,bogota,2011
2011-06-28 15:46:09,-74.069998,4.606283,bogota,2011
2011-06-01 00:00:00,-74.096775,4.626558999999999,bogota,2011
2011-04-13 04:16:19,-74.058243,4.696586,bogota,2011
2011-09-17 16:10:32,-74.06347199999999,4.611331,bogota,2011
2011-02-05 14:02:02,-74.041306,4.6846239999999995,bogota,2011
2011-08-15 17:33:36,-74.0942,4.627757,bogota,2011
2011-01-05 21:46:27,-74.063439,4.692696,bogota,2011
2011-10-23 13:04:59,-74.05797,4.6376610000000005,bogota,2011
2011-02-06 14:38:29,-74.061112,4.617776999999999,bogota,2011
2011-07-29 15:19:54,-74.100036,4.62519,bogota,2011
2011-01-14 15:14:52,-74.068107,4.6990169999999996,bogota,2011
2011-01-30 15:24:39,-74.0755,4.609705,bogota,2011
2011-07-30 04:54:42,-74.075317,4.609278,bogota,2011
2011-12-12 19:13:57,-74.06639,4.634943,bogota,2011
2011-01-30 16:18:10,-74.058837,4.653544999999999,bogota,2011
2011-01-14 18:26:44,-74.025878,4.679342,bogota,2011
2011-07-04 20:27:01,-74.08959899999999,4.63277,bogota,2011
2011-05-30 09:07:01,-74.06793499999999,4.586435,bogota,2011
2011-01-01 13:47:44,-74.060175,4.6471160000000005,bogota,2011
2011-11-30 12:12:56,-74.091796,4.598326999999999,bogota,2011
2011-12-06 12:25:04,-74.04235600000001,4.674012,bogota,2011
2011-04-15 18:06:15,-74.041923,4.674108,bogota,2011
2011-10-27 06:04:14,-74.05533299999999,4.6988330000000005,bogota,2011
2011-03-27 10:27:12,-74.045399,4.671985,bogota,2011
2011-05-15 10:44:11,-74.102783,4.613042,bogota,2011
2011-09-17 13:58:40,-74.110679,4.641445,bogota,2011
2011-12-30 09:05:39,-74.144501,4.6975,bogota,2011
2011-09-17 12:25:57,-74.108276,4.64076,bogota,2011
2011-06-04 18:07:38,-74.0754,4.6458,bogota,2011
2011-12-04 22:03:36,-74.08081,4.612357,bogota,2011
2011-01-16 12:32:15,-74.07139000000001,4.707721,bogota,2011
2011-03-26 14:32:29,-74.04769499999999,4.6978089999999995,bogota,2011
2011-01-07 10:58:58,-74.041489,4.679695,bogota,2011
2011-12-03 14:25:17,-74.080467,4.629468,bogota,2011
2011-02-26 14:59:30,-74.02766700000001,4.764666,bogota,2011
2011-06-29 14:03:01,-74.079787,4.597422,bogota,2011
2011-06-18 19:26:06,-74.059962,4.682323,bogota,2011
2011-08-17 22:08:26,-74.071884,4.653681,bogota,2011
2011-02-23 23:01:10,-74.051456,4.687126999999999,bogota,2011
2011-03-14 18:35:47,-74.126129,4.588744999999999,bogota,2011
2011-01-31 14:57:21,-74.091796,4.587376,bogota,2011
2011-11-12 15:11:59,-74.069824,4.587376,bogota,2011
2011-07-02 02:23:41,-74.090423,4.632719,bogota,2011
2011-11-26 13:23:12,-74.090766,4.632719,bogota,2011
2011-05-20 14:47:14,-74.061584,4.620228,bogota,2011
2011-04-20 10:44:01,-74.057934,4.655057,bogota,2011
2011-05-12 08:39:33,-74.069824,4.6284410000000005,bogota,2011
2011-05-15 13:11:57,-74.081497,4.613726,bogota,2011
2011-12-03 14:50:42,-74.07463,4.608764,bogota,2011
2011-09-13 13:01:26,-74.047851,4.668648999999999,bogota,2011
2011-11-19 09:51:30,-74.13574200000001,4.674979,bogota,2011
2011-01-26 12:32:13,-74.106205,4.663463,bogota,2011
2011-07-14 12:12:40,-74.07772,4.627415,bogota,2011
2011-05-11 05:45:47,-74.057416,4.663582,bogota,2011
2011-01-01 15:32:26,-74.040083,4.651422,bogota,2011
2011-07-29 15:02:10,-74.101066,4.596445,bogota,2011
2011-10-09 00:21:49,-74.048413,4.67575,bogota,2011
2011-05-09 05:05:24,-74.048744,4.675192,bogota,2011
2011-07-30 11:36:00,-74.14278,4.6983760000000006,bogota,2011
2011-04-13 17:17:19,-74.151815,4.68024,bogota,2011
2011-07-29 15:19:42,-74.095573,4.619202,bogota,2011
2011-08-15 17:45:45,-74.099006,4.622795,bogota,2011
2011-10-01 15:54:28,-74.079093,4.63058,bogota,2011
2011-06-21 10:43:31,-74.138402,4.69876,bogota,2011
2011-09-17 11:50:21,-74.10724599999999,4.638878,bogota,2011
2011-11-07 06:11:52,-74.07051,4.639563,bogota,2011
2011-03-09 21:01:26,-74.149904,4.698932,bogota,2011
2011-09-17 16:05:37,-74.06038199999999,4.617833,bogota,2011
2011-05-26 00:11:26,-74.149475,4.6886660000000004,bogota,2011
2011-01-04 00:20:45,-74.050984,4.725214,bogota,2011
2011-05-14 15:35:02,-74.11438100000001,4.641466,bogota,2011
2011-01-11 15:55:36,-74.11143,4.694205,bogota,2011
2011-06-10 13:41:57,-74.082183,4.59422,bogota,2011
2011-02-21 21:00:12,-74.05283299999999,4.672667,bogota,2011
2011-06-28 13:46:42,-74.07780600000001,4.617761,bogota,2011
2011-10-19 13:29:30,-74.09957800000001,4.637338,bogota,2011
2011-10-25 15:04:35,-74.05516999999999,4.70545,bogota,2011
2011-10-06 12:37:38,-74.058402,4.666926999999999,bogota,2011
2011-09-13 13:02:06,-74.049911,4.6563300000000005,bogota,2011
2011-04-24 12:08:10,-74.027252,4.714842,bogota,2011
2011-10-01 09:37:24,-74.067378,4.671279,bogota,2011
2011-02-06 14:29:01,-74.062223,4.615833,bogota,2011
2011-03-09 20:17:23,-74.147758,4.698461,bogota,2011
2011-04-10 17:16:24,-74.099349,4.629126,bogota,2011
2011-05-07 14:03:40,-74.029027,4.715815,bogota,2011
2011-08-21 15:33:20,-74.044952,4.6693169999999995,bogota,2011
2011-06-06 10:00:44,-74.076706,4.685446,bogota,2011
2011-11-30 16:36:29,-74.100723,4.614746,bogota,2011
2011-06-19 12:07:05,-74.028024,4.692944000000001,bogota,2011
2011-01-16 12:23:49,-74.070918,4.713773000000001,bogota,2011
